,values_fd
0,-0.8810408020019622
1,3.9196726226806504
2,10.591411285400454
3,18.28094902038572
4,9.190359039306713
5,6.330588531494072
6,28.649337463378856
7,8.117269439697225
8,11.336699981689549
9,12.20159492492678
10,20.34666938781743
11,25.89109184265135
12,16.081160125732367
13,13.20717666625967
14,16.663475646972643
15,12.061662139892519
16,17.4786743927001
17,7.75887397766121
18,12.310064849853461
19,8.396165924072193
20,3.3356785583496276
21,25.639809112548846
22,15.093607025146412
23,23.148944931030314
24,11.730968093872093
25,25.593597335815502
26,11.059354400634675
27,28.63925689697271
28,10.022066497802712
29,12.92587631225581
30,11.026491775512682
31,21.017516403198215
32,6.741573486328093
33,-2.208824844360379
34,16.210574035644527
35,20.76235870361336
36,13.143629608154356
37,6.21526275634767
38,-4.5206635284423555
39,10.124789199829024
40,9.875520401000983
41,12.814754867553688
42,15.599393386840859
43,24.50823501586916
44,27.452091979980537
45,4.4299468994140625
46,24.328340530395508
47,20.539489517211905
48,18.63077766418462
49,15.502646942138767
50,0.061817169189453125
51,26.36757545471187
52,6.771494598388699
53,15.994785690307708
54,18.912899780273392
55,14.257145538330178
56,8.807260894775368
57,11.685950241088904
58,11.159164581298796
59,17.68067695617674
60,12.705866546630887
61,23.332792663574196
62,6.053746185302657
63,12.879580001831073
64,2.7515683746337345
65,15.052405853271523
66,1.9195883178711028
67,5.868139419555689
68,-8.923964462280253
69,15.009954223632803
70,-2.6034549331665175
71,-5.201096420288081
72,13.287723350524914
73,-5.482453651428216
74,11.213450775146498
75,16.967693634033196
76,11.830498733520528
77,1.8864762878417878
78,14.780185508728039
79,28.96642654418946
80,10.203619079589828
81,16.09652694702146
82,8.424533576965302
83,13.293562316894565
84,19.848918800354056
85,24.381754188537627
86,7.531557922363277
87,8.49908439636232
88,28.87254898071285
89,-2.9380994796753157
90,18.23931732177732
91,28.85308067321779
92,17.35130249023439
93,7.575931129455569
94,29.699856376647972
95,6.156524505615266
96,5.352847175598129
97,9.380520858764612
98,19.89015884399413
99,7.964318199157674
100,4.851124954223678
101,22.607473907470705
102,14.388970184326183
103,31.626770896911637
104,16.887126274108937
105,13.461855392456073
106,0.8214846801757858
107,16.02741363525388
108,15.253694534301815
109,3.562235717773433
110,15.264530563354526
111,-57.533075180053686
112,13.30107494354246
113,25.32410755157474
114,-2.072603912353543
115,0.6293740463256654
116,10.933351516723633
117,9.143035469055178
118,19.301540527343718
119,14.731546516418462
120,25.43630756378178
121,15.027600364685043
122,7.992252349853516
123,14.966452140808144
124,31.295237884521498
125,16.82566860198972
126,2.976368331909157
127,19.002398605346684
128,11.43119232177736
129,30.14823253631596
130,0.5258242416381904
131,3.8166051101684957
132,19.860178527832034
133,12.208505096435545
134,8.570970840454095
135,18.787651557922345
136,27.505819435119633
137,11.551961517334007
138,22.623996047973662
139,14.174335517883264
140,17.9223251342774
141,11.850579147338863
142,0.4407649993896712
143,14.279372673034686
144,12.726391105651828
145,14.893491287231427
146,13.837692947387666
147,11.471128196716279
148,12.21412422180174
149,6.585169219970737
150,9.974771385192867
151,11.642577743530296
152,13.815256004333492
153,23.006759300231977
154,23.462448654174807
155,21.290271530151358
156,15.316783561706586
157,24.38531394958494
158,15.347614135742276
159,34.245189743041976
160,32.29375228881838
161,4.502055358886764
162,-12.048916625976517
163,28.689468383789062
164,5.52824928283701
165,33.79636154174807
166,27.692242355346707
167,29.19126884460445
168,49.11107849121095
169,46.94515319824211
170,22.570063095092678
171,-3.0656934356688907
172,35.93580810546871
173,13.311498947143605
174,30.49913063049314
175,30.782642822265643
176,4.866742630004978
177,3.640207672119118
178,18.724182968139644
179,2.4662194824218204
180,14.757612838745104
181,27.10860656738282
182,29.743297729492156
183,6.994520111084057
184,27.370034179687423
185,21.28499816894532
186,17.632812805175718
187,18.20445732116707
188,34.18372665405275
189,13.694675598144613
190,16.88142715454103
191,12.344864654541084
192,5.987316894531318
193,9.153727722168014
194,0.16576950073238095
195,18.678603668212872
196,22.180048217773447
197,18.785414123535134
198,27.70963256835944
199,22.527457046508744
200,22.9884915161133
201,36.49756202697756
202,22.44305953979483
203,6.2580431365967115
204,-0.20082664489746094
205,33.7004582214355
206,7.733681564331164
207,5.6560337066650845
208,22.687178192138617
209,21.98387092590326
210,14.904679183959956
211,24.90718093872067
212,11.291982955932554
213,14.770563354492197
214,20.65212387084955
215,19.7915982055664
216,19.57765968322758
217,16.277133712768546
218,5.7150098419189135
219,11.689988784790103
220,19.39956909179682
221,6.038692550659221
222,20.234544525146475
223,28.844226684570344
224,17.75010375976558
225,13.162268524169917
226,27.503809890747107
227,12.475556182861283
228,15.599211807250981
229,7.2360762786864825
230,17.276141586303652
231,27.291062774658258
232,25.02403289794927
233,10.646947860717773
234,13.730145416259802
235,17.838516006469717
236,27.846558990478457
237,17.791525115966806
238,20.14314842224121
239,17.155779495239358
240,31.39066238403325
241,28.275569839477612
242,9.359476242065512
243,24.929586563110433
244,19.33609138488771
245,4.707894973754833
246,20.800722961425777
247,27.877711410522465
248,25.805422134399464
249,15.522066497802825
250,34.306936264038086
251,-10.595291290283171
252,14.619662475585983
253,25.185865936279242
254,19.868367233276444
255,21.40623016357415
256,26.41209930419916
257,40.39327415466312
258,23.760935363769477
259,45.55809196472171
260,14.756414871215839
261,5.658995590209997
262,11.812458496093768
263,-4.243998641967778
264,14.508642730712836
265,12.28896850585943
266,7.93055068969727
267,11.666815261840839
268,20.886456222534207
269,22.36267784118661
270,-2.8330118560791107
271,15.076595458984343
272,32.08094833374025
273,17.532630920410156
274,13.033585205078111
275,17.46258613586417
276,18.772044982910188
277,19.970951232910124
278,15.178394927978502
279,16.704791336059657
280,-6.337430572509788
281,-2.4732897949218113
282,22.870578536987296
283,17.470714797973642
284,28.830492858886714
285,16.881753692627058
286,13.453230285644509
287,29.076448211669913
288,14.103241500854551
289,5.191613388061569
290,15.899573135375931
291,21.25929344177257
292,18.467966079711914
293,12.24380050659181
294,21.37206382751458
295,22.04745262145991
296,22.35593994140629
297,30.655196304321294
298,17.91841629028329
299,17.743758926391592
300,8.671588821411092
301,1.9420237731933412
302,25.92410377502449
303,6.161898803710869
304,21.127574615478466
305,0.6997792053223293
306,-10.938116912841792
307,10.51534034729002
308,27.814252548217837
309,-3.7249525451659338
310,24.161763000488236
311,19.043674392700154
312,24.170112838745126
313,11.289585418701222
314,15.144930953979497
315,10.25923660278329
316,4.69283943176265
317,26.249496154785106
318,11.550608139038104
319,10.134391937255828
320,18.530027618408212
321,16.37575050353996
322,5.346124496459993
323,-3.224980773925722
324,27.60296783447268
325,-3.6732482147216388
326,16.953987045288045
327,15.204961090087863
328,19.08882774353026
329,36.45481117248528
330,10.525400390625009
331,16.993523025512673
332,13.372875366210906
333,-8.801846008300686
334,14.863111877441384
335,21.022262344360342
336,17.039480972289994
337,31.220837707519536
338,19.52540130615239
339,2.0789047241211165
340,9.085909729003902
341,14.311087570190466
342,7.591208038330137
343,15.066599273681732
344,16.925721359252975
345,14.031796798706068
346,25.66903663635253
347,7.623704376220758
348,9.269366760253888
349,6.481468429565439
350,14.924163970947234
351,11.627054138183553
352,16.09674942016602
353,-6.758351669311537
354,8.026052017211953
355,12.731398773193348
356,9.912861099243173
357,12.383199462890673
358,25.614411697387766
359,15.372916870117137
360,15.064400024414056
361,14.420078887939496
362,1.9841492462158499
363,28.052617416381793
364,0.7003097534179688
365,13.625808563232454
366,18.643185577392558
367,8.822964935302764
368,10.218549194335935
369,-4.678408279418932
370,11.2701328277588
371,12.70031055450437
372,0.935516357421875
373,16.5662605285645
374,16.89829383850099
375,7.856884460449237
376,18.902253990173335
377,4.4247002792358785
378,14.710895309448233
379,4.93471122741704
380,9.555868606567401
381,4.8701454544067815
382,16.337518844604517
383,31.91623359680176
384,17.65469669342042
385,27.755848464965823
386,30.613840789794892
387,7.3675495147705305
388,12.651316223144534
389,33.830377426147436
390,13.63919601440432
391,12.056882019042973
392,19.056049270629842
393,5.574108200073283
394,3.505095825195383
395,13.407771377563506
396,4.116816024780292
397,30.23693855285643
398,8.443369369506911
399,19.884559326171825
400,15.165853805542042
401,16.800406188964814
402,1.8542101287841888
403,12.093845138549796
404,13.827300109863302
405,16.74684455871585
406,35.534473800659214
407,12.78579826354985
408,6.896355590820235
409,15.467744903564437
410,9.058749084472652
411,25.4256210327149
412,5.653784637451167
413,10.372629470825188
414,13.659690322875974
415,6.860057449340786
416,13.169766616821335
417,21.135551986694395
418,5.814261398315466
419,19.162142105102532
420,7.960020675659166
421,20.262689895629876
422,16.729876022338885
423,15.70394012451169
424,18.323216094970746
425,-3.9837152099609625
426,19.03355377197272
427,6.676296386718718
428,13.904265975952171
429,19.039405517578132
430,23.67789955139159
431,15.498204879760749
432,6.997390594482454
433,8.99285942077637
434,18.295275650024394
435,5.019619750976574
436,14.670381317138663
437,35.12520858764657
438,17.326410369872974
439,18.26648773193358
440,16.36992294311517
441,16.690602722168023
442,9.675352630615293
443,19.4985702514648
444,25.175993194580087
445,10.45802474975585
446,12.87813888549806
447,19.612409667968677
448,10.663234176635797
449,20.992839584350577
450,25.124705657958998
451,31.209031066894568
452,17.0617557525635
453,6.6332991790771985
454,25.2584860992431
455,11.958851318359393
456,18.754533157348646
457,21.064695358276367
458,19.17570106506355
459,13.123950958251953
460,17.717122879028352
461,-5.064576950073274
462,-2.9180123901367097
463,1.7056950378417923
464,10.352809753418
465,21.824053573608353
466,-6.2472089385986465
467,13.424788970947304
468,18.609592056274437
469,5.822497711181597
470,4.62305145263673
471,16.23930953979493
472,15.755018539428704
473,-5.38326126098633
474,10.459955978393566
475,16.448480377197257
476,14.259259757995608
477,19.615398178100634
478,11.408260993957526
479,5.248117065429653
480,11.974828910827682
481,8.545701560974123
482,9.629880523681607
483,-0.04662780761719887
484,15.475249099731457
485,18.600048522949237
486,21.87573287963869
487,-5.528746261596666
488,30.348590316772516
489,16.435520820617683
490,25.46954524993896
491,21.842183265686003
492,6.834926986694313
493,1.0708216857910315
494,12.17474868774417
495,15.23017917633058
496,12.48125442504886
497,-8.057628097534177
498,14.629115562438926
499,12.698067283630394
500,16.5354540634155
501,35.128611488342244
502,20.659128379821766
503,13.808191986084012
504,11.40205703735353
505,12.651700820922827
506,21.252766342163113
507,8.130975952148447
508,16.738717346191436
509,24.081758728027353
510,10.671133956909216
511,26.020925064086896
512,-1.7219854736327989
513,12.008641967773428
514,-10.823789215087857
515,0.8140779876708848
516,11.703225440978997
517,16.432165298461882
518,0.5370017242431686
519,11.200142288207985
520,25.364234848022477
521,10.344216041564948
522,10.689136047363263
523,11.996182556152348
524,8.701472282409668
525,16.889460411071752
526,13.134498786926258
527,16.847303314209
528,10.446747741699255
529,15.095942649841277
530,4.315400886535656
531,13.701183738708494
532,8.460791778564499
533,13.140450630188013
534,12.676981620788581
535,20.59666149139406
536,21.527127761840802
537,23.35569469451906
538,20.451244964599653
539,10.798456153869608
540,24.3939665985107
541,17.746235275268532
542,12.55496284484866
543,12.550193099975615
544,16.96467803955079
545,19.00751808166507
546,9.57744445800779
547,13.892893142700188
548,19.00966552734377
549,15.465656738281211
550,16.88291358947754
551,33.05400802612303
552,10.943083724975509
553,17.231345214843827
554,17.472499084472588
555,2.998957672119218
556,7.127755355834893
557,18.641280059814505
558,17.30015647888183
559,12.547076721191388
560,13.17578033447262
561,24.067791213989267
562,16.466021804809657
563,28.449377059936523
564,35.082058029174846
565,10.535647964477562
566,15.686809921264626
567,9.081067199707036
568,-3.6624804687500045
569,26.38352439880373
570,10.235975418090788
571,14.886227569580115
572,6.834485015869177
573,10.620475387573265
574,7.180174789428634
575,18.50851959228521
576,9.198399887084975
577,26.087857208251876
578,13.450696640014598
579,18.835648193359475
580,5.934765243530251
581,14.150208053588813
582,12.095827331542978
583,13.290520782470708
584,15.164330368041988
585,4.410462341308516
586,13.281322555542033
587,10.348572845458989
588,14.815776367187539
589,11.32966522216799
590,17.682241287231477
591,29.046385879516606
592,18.271321411132817
593,14.580995635986255
594,29.216555633544885
595,10.721524276733476
596,16.14537506103511
597,17.885935440063577
598,26.521956634521416
599,19.8170063781738
600,7.96919197082525
601,23.21306396484374
602,10.592953796386723
603,16.919034729003897
604,32.13734489440924
605,7.2653138732910065
606,20.05340278625488
607,12.732573089599555
608,18.819523468017678
609,7.75854721069345
610,5.80176696777346
611,15.359308700561542
612,18.71407882690437
613,14.600576400756836
614,21.069204025268505
615,12.219041671752962
616,7.984349441528366
617,16.31068496704097
618,11.810942535400386
619,17.519557800293
620,24.586376266479533
621,19.935792694091788
622,5.799214782714785
623,9.136428146362277
624,11.16570640563964
625,8.616059341430741
626,27.871873626708975
627,21.551020050048805
628,36.1309859466553
629,16.349900054931595
630,13.858667221069368
631,19.0583908081054
632,18.74065917968744
633,35.46049583435058
634,9.09598625183105
635,10.332228698730432
636,35.15064804077156
637,21.86550308227538
638,31.269389266967778
639,10.975898361206077
640,4.788940734863218
641,9.962251892089853
642,7.777761306762727
643,14.91223564147947
644,36.18830200195316
645,17.914889068603543
646,15.774675750732513
647,22.657680892944313
648,26.138759460449137
649,6.08263153076166
650,19.023036422729547
651,-7.266792678832985
652,11.653461914062518
653,14.357000122070417
654,11.467367553710915
655,10.897532958984357
656,19.1775049591065
657,23.3075437164307
658,12.299543304443318
659,9.975928192138667
660,13.992875823974714
661,15.487165069579987
662,12.92320083618165
663,20.145608444213963
664,24.79747047424314
665,13.882545318603547
666,13.46154365539553
667,32.3832452392578
668,12.216667480468686
669,8.426463928222688
670,20.01773300170896
671,10.917805023193296
672,14.241457824707027
673,22.474936981201154
674,22.66040260314935
675,23.082301940918
676,15.701406784057667
677,23.92644577026374
678,11.502477798461996
679,4.827261505127012
680,20.39507934570304
681,16.37188362121583
682,22.54214126586919
683,13.78377075195317
684,19.67275062561032
685,16.13613059997556
686,7.204298248291025
687,19.120457229614203
688,21.38484695434579
689,35.92986946105964
690,22.898622894287087
691,23.72204681396488
692,12.845602798461869
693,22.36164138793947
694,26.315644531250086
695,16.843529281616156
696,15.9768213653565
697,25.612232971191474
698,21.3564996337891
699,23.235782318115298
700,21.77152511596671
701,15.849802627563463
702,12.188110122680655
703,23.315565948486437
704,13.283142471313454
705,23.918439254760756
706,20.04242675781245
707,-0.9300679779053098
708,20.7235091400147
709,8.046473083496153
710,14.505966339111296
711,15.37312171936037
712,24.851867599487264
713,22.857653274536233
714,36.956755065917946
715,25.264228515625064
716,19.73221870422367
717,16.67736862182619
718,49.3829770660401
719,24.4598580932618
720,21.271289825439453
721,25.428547973632817
722,24.288008804321407
723,16.44834403991706
724,13.42554046630869
725,27.573451766967878
726,31.95530509948742
727,24.246751403808616
728,48.271570816040025
729,33.37467552185069
730,15.4547119140625
731,36.05714477539061
732,6.7726380920410065
733,4.265527954101572
734,34.69546676635741
735,2.3931593322753315
736,21.096188049316424
737,7.752414016723719
738,-15.738543548583948
739,10.4478686523438
740,14.849530029296943
741,32.44173103332514
742,12.700183944702076
743,-20.505441055297865
744,17.479359130859393
745,18.806382217407304
746,9.457010650634743
747,10.799777832031282
748,48.71488838195796
749,23.039855117797856
750,24.851260757446198
751,12.26137680053705
752,29.46493209838866
753,28.686741561889676
754,22.534146804809552
755,18.098439559936537
756,28.595519943237264
757,20.617841567993196
758,31.88374244689942
759,30.40308593750001
760,1.7866607666015852
761,21.967635650634747
762,26.41113075256351
763,29.760475921630928
764,31.152245330810615
765,6.393741760253988
766,16.786673126220762
767,15.462955017089826
768,24.28348609924319
769,20.578548431396484
770,-12.741380615234334
771,1.022666168212936
772,11.546615600585938
773,28.64504913330086
774,-12.57742843627932
775,29.56079612731935
776,44.82225761413565
777,-3.6559629058838254
778,16.44099014282233
779,19.407545471191384
780,23.638544921874995
781,2.827524108886678
782,-24.2042722320557
783,32.147872772216715
784,51.11383384704595
785,1.5786504364014036
786,32.76496124267578
787,20.530729522705087
788,7.175266342163127
789,31.203997116088885
790,17.8652621459961
791,24.327424163818364
792,2.309819183349532
793,2.773190917968691
794,2.4381115722655977
795,26.710381240844754
796,43.47518836975098
797,22.640202255248937
798,24.43277000427247
799,3.4855529785156705
800,-6.672011795043886
801,19.639970932006918
802,9.000289306640639
803,21.71732414245605
804,3.6547582244874093
805,21.733341598510833
806,18.36540069580076
807,28.83148300170899
808,12.677945861816397
809,21.098797073364267
810,5.903927459716897
811,17.891096496582122
812,25.119621658325173
813,20.972428283691443
814,10.585382766723683
815,27.3371757507324
816,15.4742240142823
817,18.196362686157272
818,18.67019691467283
819,15.469942398071225
820,19.78866714477533
821,10.986798324585038
822,12.970828018188513
823,7.576315765380855
824,16.46855972290041
825,1.401081466674782
826,23.999463195800786
827,11.109225845336937
828,11.071537780761673
829,10.409948196411165
830,34.6614178466798
831,20.776540756225586
832,14.944135360717837
833,20.40826164245607
834,9.50720550537119
835,11.845516204833984
836,12.028047332763776
837,27.416205596923874
838,5.293578262329106
839,17.143864517212023
840,24.500194168090843
841,7.516324310302821
842,19.097525558471716
843,20.56307380676276
844,11.342850875854538
845,14.19906860351557
846,21.718319549560533
847,35.02608497619633
848,17.935229797363377
849,20.521866989135788
850,15.103198242187545
851,22.054191360473624
852,38.71473785400383
853,16.363797607421816
854,20.879172210693355
855,5.773985137939462
856,35.171714401245026
857,18.927047195434625
858,20.806440887451117
859,23.443836822509752
860,24.712642593383748
861,24.245175476074223
862,15.889455490112255
863,30.82480644226075
864,13.172303466796848
865,17.341660232543973
866,15.004481430053715
867,7.513265838623056
868,23.792603073120176
869,30.923234329223646
870,27.505187683105532
871,13.176046905517637
872,9.766342849731473
873,23.694693374633857
874,16.19363876342777
875,16.70562164306648
876,17.025586090087927
877,40.48477600097658
878,45.73014862060552
879,17.11312347412104
880,17.248553314208948
881,25.74823104858399
882,17.77293273925784
883,13.187935943603634
884,2.3945159912109375
885,18.417802734375073
886,2.327104873657163
887,19.795220413208085
888,16.049713897705146
889,15.868603057861378
890,20.74723945617677
891,17.05360687255859
892,20.248923950195376
893,12.73262252807615
894,9.625288619995104
895,21.550775299072257
896,18.673185577392587
897,22.70236091613765
898,22.373886184692424
899,24.75105072021495
900,27.275620651245163
901,22.40122352600099
902,31.014449081420935
903,22.202566452026417
904,21.4286492919922
905,25.76542076110843
906,9.20185508728025
907,22.984701461792042
908,16.620242309570358
909,21.081806488037046
910,23.570232620239267
911,18.59338500976571
912,12.744318771362373
913,-1.4177536773680686
914,23.153084945678756
915,25.81491333007807
916,1.638905181884752
917,21.46719558715813
918,33.35843223571783
919,7.669480514526413
920,41.38496627807626
921,6.188509368896462
922,34.08811462402355
923,15.683940124511764
924,22.452893829345726
925,26.792022094726576
926,12.780822143554701
927,10.287678451538113
928,26.12574577331543
929,14.766494293212872
930,29.687959594726635
931,15.839257202148474
932,21.181935653686537
933,21.888291778564508
934,21.15311981201171
935,16.275070648193378
936,16.451287002563504
937,20.72290115356452
938,36.78244758605956
939,16.324956588745067
940,29.44482559204107
941,20.646845245361305
942,27.653814239501912
943,2.9644696044921375
944,23.81072929382333
945,15.89715438842768
946,13.525944747924768
947,18.534765701293964
948,5.153558959960947
949,20.16438133239751
950,22.950837249755864
951,24.32314620971681
952,27.279945678710988
953,13.657828826904279
954,10.01458274841309
955,10.413897018432635
956,28.663898620605437
957,14.749849777221698
958,22.306831207275422
959,27.302361679077194
960,33.083111190795876
961,16.954811706542955
962,26.246343765258757
963,33.7008322143555
964,19.885828475952167
965,28.01634529113778
966,25.461923599243164
967,17.827883071899464
968,21.179630737304706
969,21.72453231811528
970,23.735726165771553
971,17.204905624389767
972,21.184370803832962
973,15.39343818664554
974,23.686581878662082
975,18.06860877990721
976,21.491577377319345
977,29.50636657714847
978,25.259995040893614
979,25.222444076538068
980,27.55387405395504
981,23.837222366333094
982,23.64086433410648
983,13.8495285034179
984,27.40981582641598
985,11.753458633422838
986,21.536853103637668
987,20.47510856628412
988,19.579311065673892
989,22.042654342651417
990,5.7421527862549055
991,15.752363510131886
992,15.46173698425298
993,17.103189620971648
994,22.783798904418973
995,14.178162765502975
996,13.096214065551749
997,12.80793884277341
998,27.06205314636236
999,10.17024955749514
1000,23.04409576416026
1001,27.439400863647506
1002,25.851786956787123
1003,16.285726776123056
1004,18.06084831237797
1005,26.861014633178797
1006,19.571205291748015
1007,17.67826927185058
1008,13.253345642089812
1009,19.772497787475572
1010,20.89422119140636
1011,15.212501525878906
1012,0.23149353027349662
1013,-6.769469909667919
1014,23.302194519042928
1015,24.92410934448253
1016,25.940032196044967
1017,16.770004348754924
1018,19.611582641601558
1019,17.392197570800818
1020,10.292972564697266
1021,26.348622207641597
1022,7.193010253906209
1023,21.299164123535206
1024,24.55900268554683
1025,20.086567153930673
1026,25.602514190673787
1027,21.569788589477525
1028,22.627124252319277
1029,19.90247390747072
1030,16.95970855712892
1031,26.92994438171388
1032,33.463749084472624
1033,10.512188415527362
1034,20.463082733154238
1035,16.529053573608394
1036,31.848502883911124
1037,19.22317062377931
1038,8.903739852905233
1039,22.751574783325168
1040,14.935057907104465
1041,31.104687347412096
1042,25.944776763916025
1043,26.11017837524423
1044,10.322338256835906
1045,23.99338768005373
1046,22.048726348876926
1047,20.16422088623051
1048,20.612710876464917
1049,29.050394439697243
1050,25.106842346191343
1051,33.38468536376956
1052,29.009453506469754
1053,15.492592086792001
1054,27.79184959411623
1055,18.722767105102548
1056,23.462481613159184
1057,20.080712356567346
1058,8.071023483276349
1059,39.00107528686533
1060,29.10124816894529
1061,20.795132522583003
1062,17.491556091308553
1063,27.829214706421
1064,17.51576194763186
1065,28.12571891784671
1066,25.81915946960453
1067,9.314631958007794
1068,31.187933654785184
1069,16.763791580200177
1070,21.31159584045406
1071,31.573086624145503
1072,19.251965942382753
1073,29.798462524414163
1074,30.435720977783262
1075,24.151587600708012
1076,21.308172454833993
1077,32.07233634948739
1078,29.77409088134766
1079,-2.5628565216063635
1080,41.85422874450694
1081,32.72469497680663
1082,23.198263854980496
1083,23.070818634033117
1084,25.104262161254837
1085,21.046506500244163
1086,19.852390365600513
1087,22.11466751098635
1088,25.18998161315926
1089,19.110748977661046
1090,25.94848136901851
1091,7.787996902465807
1092,25.938388748169018
1093,11.155127868652357
1094,20.9542575073242
1095,22.100557250976635
1096,12.124565277099691
1097,22.246662292480437
1098,22.05724052429207
1099,20.26263671875006
1100,20.49944488525398
1101,21.404689712524487
1102,19.488967666625967
1103,13.754589920044054
1104,16.064516067504883
1105,21.730740890502943
1106,6.040953521728625
1107,26.142870330810524
1108,15.354929428100604
1109,19.879712677001976
1110,28.763368148803806
1111,19.91897048950193
1112,25.852822570800754
1113,24.35607803344726
1114,13.613871231079202
1115,32.64466247558596
1116,27.016023864746103
1117,26.974372863769645
1118,22.193384933471748
1119,26.046998367309584
1120,16.775516586303752
1121,25.635998916626022
1122,8.64253227233894
1123,6.954223175048924
1124,20.03061042785646
1125,27.12276947021485
1126,30.36434494018556
1127,27.13075172424317
1128,28.990838317871066
1129,37.09488708496099
1130,21.549803466796902
1131,23.44118232727044
1132,12.740799942016565
1133,-1.9438382720946947
1134,21.12886436462395
1135,23.71976417541498
1136,34.69054588317874
1137,12.426552124023488
1138,20.69112518310544
1139,21.32185562133793
1140,14.968871688842796
1141,19.827773208618282
1142,-5.1233032226562045
1143,18.28051460266113
1144,29.613626632690398
1145,8.509778823852457
1146,23.139734115600504
1147,36.786172332763726
1148,11.435158843994145
1149,9.466143722534298
1150,41.252328872680664
1151,33.189362487793005
1152,31.47503707885744
1153,20.14342636108404
1154,32.74715568542479
1155,11.261191101074246
1156,24.47380149841308
1157,36.01208312988285
1158,35.373366088867215
1159,40.10662094116208
1160,30.141205444336038
1161,20.22436614990238
1162,25.74510894775392
1163,16.821257781982467
1164,36.381960067749105
1165,16.94671585083006
1166,9.84440292358397
1167,44.97107070922857
1168,25.331794815063404
1169,23.82269004821785
1170,25.9316626739502
1171,33.08154396057125
1172,31.842571334838794
1173,29.853757324218805
1174,35.22624412536618
1175,33.413526763916025
1176,16.25422149658209
1177,2.340878982543927
1178,27.82526458740233
1179,25.683658447265657
1180,34.95120033264163
1181,9.191940994262723
1182,18.428453979492133
1183,30.141963806152376
1184,31.26174797058104
1185,29.91955970764161
1186,32.21394042968757
1187,9.944111022949187
1188,17.726046829223606
1189,22.18809341430665
1190,41.10395782470698
1191,42.597633972167955
1192,20.053068389892587
1193,26.29300041198735
1194,31.75597290039059
1195,46.176962127685556
1196,13.50889778137207
1197,36.277616043090916
1198,15.637978134155219
1199,29.005358734130823
1200,34.890647125244186
1201,15.802138595581027
1202,11.410919265746998
1203,-3.921480178833008
1204,27.508944702148483
1205,14.509357147216747
1206,1.0832767486572266
1207,38.8547983551025
1208,50.73476341247556
1209,34.84337142944344
1210,41.33963714599611
1211,28.52781372070308
1212,24.76829360961915
1213,22.161032867431572
1214,21.251923370361396
1215,31.82388961792003
1216,53.398593673706046
1217,5.636515274047838
1218,11.432253723144527
1219,28.96731140136717
1220,34.88950157165539
1221,26.11053062438964
1222,27.055603713989285
1223,15.525728836059557
1224,27.808463973998983
1225,29.347783737182567
1226,47.930609512329056
1227,17.298338699340775
1228,18.884929656982536
1229,27.21243263244628
1230,29.560633468627998
1231,20.11343185424812
1232,32.02631065368655
1233,18.071726837158167
1234,8.244271545410243
1235,32.65521675109858
1236,6.5306102752686
1237,15.943835678100527
1238,32.314186859130814
1239,27.95092834472655
1240,22.891595535278384
1241,3.859157485961987
1242,27.542804641723592
1243,18.348435058593736
1244,19.354007186889703
1245,33.28404571533201
1246,24.55199310302737
1247,7.0214100646973066
1248,27.126406402587804
1249,29.591038131713844
1250,19.53113769531251
1251,30.754351730346684
1252,22.410428924560506
1253,35.48136749267576
1254,38.517654876709
1255,32.538463745117156
1256,35.641762237548846
1257,29.98005241394037
1258,39.2652355194092
1259,32.56851036071782
1260,24.726791305542065
1261,17.395956573486274
1262,19.385811996460006
1263,37.37349075317377
1264,47.06925010681152
1265,20.412698211669976
1266,33.92275993347175
1267,31.290482254028348
1268,20.058767929077135
1269,13.898754577636737
1270,32.950506286621135
1271,48.06367652893073
1272,41.08651100158693
1273,18.421287994384784
1274,25.851556854248088
1275,32.424781341552716
1276,32.38296775817878
1277,53.39218399047866
1278,24.23350540161141
1279,49.23185028076182
1280,6.272418518066388
1281,10.562354888916047
1282,29.85714447021485
1283,15.210567169189403
1284,-11.150582122802803
1285,-5.685144042968773
1286,52.823766403198306
1287,-13.537767333984448
1288,36.960387802124046
1289,-9.425327606201222
1290,33.14642776489268
1291,34.42941146850592
1292,8.820975036621121
1293,44.43020126342776
1294,-0.23380935668944858
1295,24.118187484741156
1296,20.930342864990166
1297,39.72112602233892
1298,8.551193923950223
1299,32.47918998718262
1300,1.0539024353028026
1301,-12.060465469360338
1302,43.66451721191413
1303,22.064693374633748
1304,-0.173199615478552
1305,38.78585784912116
1306,31.393309707641606
1307,61.7094844818115
1308,28.01018913269047
1309,-10.310089950561519
1310,23.67326545715332
1311,49.53794273376468
1312,18.87211486816409
1313,17.605801467895503
1314,34.28051551818851
1315,16.176096420288104
1316,26.602426071166974
1317,44.83933685302736
1318,30.95780113220212
1319,28.15869903564453
1320,12.68226211547858
1321,12.182577056884725
1322,33.620514678955146
1323,21.21144706726068
1324,35.24681243896475
1325,15.217166137695244
1326,9.881636428833076
1327,14.327242736816402
1328,17.428348159790062
1329,12.59388481140138
1330,48.985248489379956
1331,14.468880233764594
1332,27.915201797485338
1333,39.73678344726568
1334,19.25030189514166
1335,32.70547859191902
1336,17.288424072265684
1337,23.50757362365721
1338,16.175731582641674
1339,29.528597793579138
1340,25.906086196899423
1341,23.09233589172368
1342,25.747851715087904
1343,38.546537780761696
1344,27.71434272766112
1345,27.23523864746096
1346,29.705559310913145
1347,30.30297134399416
1348,13.39367301940922
1349,32.65160621643065
1350,28.263286132812482
1351,25.376600875854592
1352,8.628157958984389
1353,38.54277694702159
1354,11.760895690918005
1355,21.51441658020019
1356,33.40876625061037
1357,13.822889480590902
1358,21.263838882446294
1359,34.842721786499055
1360,30.03963386535645
1361,28.706747741699246
1362,27.075304107666057
1363,21.210517272949232
1364,20.07214103698732
1365,32.728488388061464
1366,24.136179580688463
1367,24.93427268981941
1368,28.320914230346716
1369,27.660677566528307
1370,40.599227218628016
1371,53.53200904846199
1372,20.329591140747084
1373,20.496002044677766
1374,20.742600860595644
1375,20.729885864257767
1376,30.92414245605471
1377,34.02180191040043
1378,43.909825668334975
1379,33.22399543762208
1380,31.48091804504395
1381,40.58621025085449
1382,18.97125175476083
1383,9.902738342285147
1384,35.66521377563481
1385,37.705298919677716
1386,13.33623626708993
1387,35.69585144042969
1388,25.52691291809083
1389,29.38598136901851
1390,40.63357414245604
1391,31.8563864898681
1392,9.925945281982536
1393,20.137820587158217
1394,12.187432403564458
1395,33.93877738952642
1396,30.1273148345947
1397,32.788233184814544
1398,20.51115966796874
1399,30.07558464050294
1400,21.728246536254915
1401,19.668774108886737
1402,28.27938117980966
1403,23.432454986572225
1404,39.47017463684085
1405,46.241300277710025
1406,26.648880310058644
1407,33.53077819824216
1408,22.563038482666002
1409,41.76420410156254
1410,29.67394042968749
1411,31.17124740600582
1412,32.443886260986346
1413,30.911779327392537
1414,35.7185516357423
1415,24.123547515869063
1416,26.30009429931647
1417,32.60762130737305
1418,31.008928070068464
1419,34.86718765258786
1420,38.05144241333028
1421,21.630703735351517
1422,46.883570556640734
1423,43.826010437011746
1424,34.586886138915816
1425,26.55040176391617
1426,21.16308013916
1427,33.95833526611341
1428,34.85163681030281
1429,23.555695953369195
1430,19.856502838134702
1431,-1.0141621398925054
1432,45.13518814086922
1433,41.81363922119135
1434,46.45044357299821
1435,36.91485366821303
1436,12.619765014648465
1437,45.61220123291014
1438,24.75157135009772
1439,33.1372657775878
1440,39.36055114746091
1441,32.78463562011734
1442,32.08961822509764
1443,43.650247039794976
1444,52.32114868164058
1445,19.17037857055675
1446,12.103248596191406
1447,12.004323730468741
1448,35.40266754150389
1449,8.93099777221687
1450,32.49296752929695
1451,48.39890045166021
1452,32.66796722412096
1453,25.25571105957033
1454,44.21377593994157
1455,22.662364959716797
1456,41.644248199462936
1457,25.31393676757807
1458,50.59971817016617
1459,30.993515777587845
1460,17.575701293945258
1461,23.274951477050763
1462,32.078531951904324
1463,17.952949676513754
1464,39.29794158935556
1465,55.47532455444343
1466,35.33002761840817
1467,35.610337524414035
1468,32.42755172729494
1469,33.90246398925774
1470,35.93236633300785
1471,12.892168426513535
1472,17.84582260131856
1473,33.98016891479506
1474,30.37833816528314
1475,34.18441040039056
1476,32.72306243896469
1477,40.70634506225588
1478,41.98742172241214
1479,25.600573883056768
1480,24.289562225341797
1481,-13.103002319335928
1482,14.2424418640137
1483,-2.3596636962888624
1484,17.86457061767578
1485,-28.947033233642628
1486,53.95905685424805
1487,17.408911209106464
1488,58.5210214233399
1489,43.05370956420904
1490,26.476190643310474
1491,12.562386016845721
1492,3.138541870117251
1493,39.369775085449305
1494,26.841445922851676
1495,45.19541946411141
1496,35.561337890625055
1497,35.29574264526366
1498,47.58052536010746
1499,35.505710449218896
1500,22.970016784667905
1501,25.890379638671902
1502,5.624106140136746
1503,43.71389175415038
1504,32.44415725708018
1505,11.992904510497965
1506,47.179352722168005
1507,53.462058563232404
1508,36.47299819946306
1509,44.34031066894545
1510,34.99479553222659
1511,35.240454711914026
1512,20.979826507568305
1513,36.53044845581053
1514,42.720175018310556
1515,19.788059844970803
1516,30.16283874511737
1517,4.7439788818360284
1518,50.57418746948247
1519,37.36014663696278
1520,37.261984863281214
1521,40.46199508666996
1522,38.6409503173827
1523,23.830617370605296
1524,18.47348983764641
1525,33.41109909057627
1526,38.1414782714844
1527,51.02074829101571
1528,48.83739959716786
1529,35.4048497009278
1530,17.593158874511573
1531,28.481072692871066
1532,33.220253906250036
1533,27.908413238525327
1534,49.45559204101551
1535,18.01122558593738
1536,43.29769714355484
1537,40.77621154785152
1538,27.24355560302729
1539,47.76910491943363
1540,53.12875061035152
1541,40.22213760375985
1542,25.032454681396302
1543,30.362031249999973
1544,50.334275970458975
1545,37.14064117431644
1546,30.108319244384802
1547,62.42206756591804
1548,37.76494750976576
1549,34.57457122802725
1550,22.7140333557129
1551,37.8658537292481
1552,24.034610290527553
1553,27.343878936767396
1554,53.68875091552741
1555,48.67117340087907
1556,75.89753067016613
1557,68.45038223266602
1558,75.13381927490241
1559,29.8376905822754
1560,48.85589675903316
1561,53.04398849487302
1562,28.45854293823254
1563,35.528955383300854
1564,32.74079956054675
1565,6.53820892333988
1566,68.3445808410645
1567,40.59009872436536
1568,64.67861892700193
1569,57.379171905517524
1570,45.92201171875013
1571,47.51227111816411
1572,70.61576370239254
1573,27.061227874756014
1574,31.748031921386882
1575,72.85747024536136
1576,58.92948974609385
1577,46.76472091674805
1578,56.51187637329099
1579,48.42458770751955
1580,43.39613067626965
1581,52.354804840088036
1582,58.343926544189344
1583,26.49282501220705
1584,45.21113800048829
1585,2.534421691894522
1586,-48.92744720458995
1587,31.507722930908358
1588,77.82314758300777
1589,-38.6123622131347
1590,36.11972656250009
1591,50.668157958984466
1592,22.497419128418187
1593,32.665551757812636
1594,89.26121520996094
1595,8.851275939941388
1596,-28.844915618896266
1597,37.327392578125
1598,11.895315093994213
1599,-7.996070861816406
1600,-84.9133709716798
1601,24.65375381469721
1602,121.75345809936516
1603,8.818820343017478
1604,64.3022032165527
1605,64.07656036376966
1606,24.96689712524403
1607,40.56417739868152
1608,17.33792770385753
1609,35.78244934082045
1610,46.59529830932638
1611,76.97048492431645
1612,34.85129531860366
1613,13.237147521972702
1614,55.970265960693496
1615,6.400997467040952
1616,22.092344512939462
1617,41.243318939209075
1618,37.72632369995108
1619,48.859184417724464
1620,56.86831787109372
1621,21.141172180175772
1622,41.575402679443414
1623,98.0503799438477
1624,17.569120025634902
1625,50.44080047607417
1626,39.47421752929699
1627,34.04736816406239
1628,61.730107269287146
1629,55.66045089721683
1630,40.4490423583984
1631,90.43807052612306
1632,73.71024444580075
1633,80.21292938232432
1634,28.208353271484384
1635,37.97032531738273
1636,68.58448379516608
1637,41.82898712158203
1638,51.95053161621081
1639,62.42219284057637
1640,-3.6658119201661066
1641,69.10728698730463
1642,24.587283172607385
1643,16.668132629394677
1644,26.76071014404306
1645,-5.462382507324264
1646,8.439614715576226
1647,79.19774765014654
1648,40.60717834472666
1649,72.74804870605476
1650,79.32750503540046
1651,108.5262757873536
1652,29.50230560302748
1653,70.60969085693364
1654,6.5633843994139625
1655,12.714166412353734
1656,28.14319610595703
1657,47.024586334228616
1658,24.07855773925803
1659,0.7174224853515625
1660,11.838754730224537
1661,-25.40436157226577
1662,64.23930480957029
1663,86.72766555786143
1664,19.11438171386726
1665,45.46006622314462
1666,27.260222930908185
1667,25.60912902832024
1668,-43.15330825805654
1669,9.285251007080205
1670,61.63817291259784
1671,50.22044219970712
1672,35.00829040527333
1673,56.86085098266585
1674,89.5390759277343
1675,38.16929901123058
1676,34.34439392089848
1677,60.214424743652444
1678,58.05582046508789
1679,52.17131607055671
1680,18.46203079223642
1681,44.76795425415048
1682,61.05256057739257
1683,29.21339889526371
1684,43.428144989013845
1685,-32.39428405761714
1686,33.215756835937555
1687,41.8636993408204
1688,17.77910858154314
1689,60.018443603515834
1690,91.51396179199219
1691,51.962669525146566
1692,49.489931640624945
1693,37.087311248779315
1694,37.75637649536134
1695,13.717610778808648
1696,28.413253784179688
1697,55.136663360595776
1698,24.83178039550785
1699,42.18639587402345
1700,84.04050430297866
1701,1.621570434570458
1702,17.322368164062482
1703,57.63912368774413
1704,45.55193954467791
1705,34.39649658203143
1706,25.943647308349455
1707,39.018976287841724
1708,-138.11384109497067
1709,38.276451568603534
1710,73.31431594848641
1711,67.52354675292986
1712,-1.5163403320314046
1713,57.30852706909195
1714,-8.646854400634766
1715,38.816054077148465
1716,69.2174851989746
1717,66.2688780212402
1718,46.64273193359372
1719,18.409455261230505
1720,36.88830963134774
1721,19.71373748779297
1722,-11.170772857665952
1723,31.893143310546748
1724,61.61010101318357
1725,93.16289566040041
1726,40.06232543945316
1727,46.859339904784974
1728,1.073273162841815
1729,41.583710174560565
1730,31.320465850830033
1731,64.26434295654303
1732,31.537432098388763
1733,53.735512542724564
1734,30.965706939697156
1735,-0.6428637695312318
1736,-30.440357208251953
1737,38.57117233276358
1738,38.899796142578
1739,33.58656021118168
1740,-13.130122833252017
1741,-22.046673889160047
1742,73.5644575500487
1743,28.080899200439262
1744,-20.726746673583875
1745,-1.8372448730467568
1746,-46.67879425048841
1747,57.495432739257694
1748,39.95888916015633
1749,68.9506521606445
1750,139.33021881103514
1751,44.31857315063462
1752,38.7127629089357
1753,17.306254119873074
1754,39.60961105346678
1755,-3.1853503417969478
1756,49.821642150878915
1757,83.12287033081066
1758,25.253310241699182
1759,14.689431457519504
1760,61.194884643554815
1761,17.002336425781095
1762,33.995445709228534
1763,51.32053131103521
1764,43.078234405517605
1765,27.010180664062545
1766,55.59473815917977
1767,63.70964141845707
1768,56.12466674804682
1769,47.27221130371095
1770,33.12297393798826
1771,40.130929412841624
1772,44.14841735839855
1773,53.77630386352553
1774,47.05226745605478
1775,49.49691299438473
1776,22.00546859741212
1777,37.75491699218742
1778,44.547463836669976
1779,64.10889373779287
1780,-2.300110473632685
1781,20.396346588134747
1782,26.99662261962908
1783,-5.635561065673755
1784,-1.546987915038926
1785,33.82249221801749
1786,63.19876922607409
1787,29.171775512695376
1788,62.84433822631854
1789,40.443904876708984
1790,50.76134246826177
1791,-6.463080749511846
1792,10.863046722412037
1793,38.85501724243181
1794,14.162406463623029
1795,22.7973440551757
1796,31.39666839599613
1797,48.38628173828124
1798,48.1622416687012
1799,30.567943115234357
1800,15.121036071777553
1801,23.284516906738418
1802,44.97308273315434
1803,14.844481201171902
1804,14.46187179565436
1805,11.507585449218823
1806,32.5681739807128
1807,9.411529693603597
1808,38.64569351196292
1809,49.95236282348651
1810,51.46680450439453
1811,29.754109039306513
1812,1.4518040466309685
1813,1.3629408264159792
1814,34.21105072021487
1815,22.806247100829978
1816,50.088423309326345
1817,17.992544555664153
1818,-23.626421051025318
1819,8.791562957763745
1820,-4.679113922119086
1821,17.724483489990234
1822,17.865836334228447
1823,43.62851379394522
1824,-6.5635162353514716
1825,34.36479034423837
1826,48.47312683105463
1827,29.522733764648365
1828,1.3462713623047193
1829,-46.716235504150404
1830,10.18468460083011
1831,85.04176078796388
1832,34.83486724853526
1833,63.8982949829101
1834,46.52144271850591
1835,103.2852322387696
1836,28.829185485839844
1837,-5.022708435058576
1838,25.23630310058593
1839,-13.50968856811528
1840,45.904755706787114
1841,30.299017333984466
1842,34.5653312683105
1843,26.60106796264654
1844,25.39501281738285
1845,69.0269885253906
1846,16.44824310302738
1847,55.686871185302834
1848,48.57971374511726
1849,6.471859741210892
1850,18.693896942138736
1851,15.465934906005714
1852,26.084411773681722
1853,-9.576128845214953
1854,7.658231506347647
1855,36.51885787963863
1856,-16.468112792968668
1857,42.30220291137698
1858,30.62396316528327
1859,17.083262329101558
1860,34.18996047973633
1861,18.16695983886723
1862,40.08188293457033
1863,-17.810569305419904
1864,16.63241088867187
1865,-5.717001800537105
1866,2.333557968139644
1867,98.2816080474854
1868,2.0409646606444767
1869,47.32916336059577
1870,-11.188224487304751
1871,35.193335571289026
1872,-41.11366455078121
1873,-37.50744117736815
1874,22.56597457885755
1875,-12.288480758666992
1876,95.94914199829111
1877,27.470918273925804
1878,19.34639503479002
1879,22.49482879638674
1880,23.306856842041043
1881,-1.6345063781737963
1882,-10.891727523803752
1883,22.033401184082095
1884,22.467642745971716
1885,12.725000534057699
1886,4.084319458007826
1887,-68.22335098266603
1888,3.1300017547607695
1889,-47.87511703491202
1890,16.917216644287123
1891,5.4134461975097565
1892,41.05217025756838
1893,54.69595001220705
1894,-14.824741668701108
1895,-15.162451629638667
1896,3.0223466491700037
1897,17.332101974487273
1898,9.851127090454156
1899,-25.87987770080565
1900,-23.76315437316896
1901,-44.21373039245606
1902,-21.598481826782177
1903,48.000325279235824
1904,4.788886756897
1905,65.28547969818112
1906,49.61159336090083
1907,60.37264846801759
1908,30.848535995483417
1909,16.46252861022947
1910,-33.429394989013645
1911,37.51369850158687
1912,24.094761123657236
1913,-18.277326126098615
1914,-15.764963912963935
1915,1.6503762054443314
1916,6.1255485534667855
1917,8.408575057983455
1918,0.37674186706539103
1919,1.3806402206421353
1920,-31.519924392700204
1921,35.57120697021486
1922,13.868520126342787
1923,15.74659072875977
1924,29.935686111450195
1925,35.699300003051746
1926,13.257968635559052
1927,-5.988929252624473
1928,16.070047531127898
1929,1.3230914306640216
1930,15.580212974548374
1931,45.96930774688724
1932,21.681397781372084
1933,51.4785227966309
1934,12.25121292114261
1935,-10.780416488647461
1936,31.181594543457038
1937,9.792804718017578
1938,5.855315704345685
1939,41.99818199157721
1940,10.420477066040007
1941,-0.39169952392580853
1942,-0.6203129577636446
1943,17.385882110595674
1944,10.54168609619137
1945,21.341859359741193
1946,33.16090370178222
1947,13.854985427856377
1948,31.285714416503993
1949,38.76026916503906
1950,17.27908721923825
1951,11.678436584472593
1952,-21.638706130981404
1953,-0.469262771606509
1954,-13.59741355896
1955,17.6848440551758
1956,19.848988952636773
1957,-16.16102760314942
1958,24.40886520385743
1959,-8.600538215637187
1960,3.080835418701213
1961,11.521585350036673
1962,6.5301478195190725
1963,14.051453247070356
1964,15.985510787963847
1965,31.79932796478272
1966,12.99678485870362
1967,15.117841072082513
1968,-8.483709907531704
1969,22.88699012756348
1970,16.81603530883791
1971,13.536718673706048
1972,24.966221771240214
1973,12.746473884582485
1974,9.743343734741245
1975,13.470418434143085
1976,6.0751978302002385
1977,30.27279640197753
1978,-18.323493080139144
1979,14.384942398071303
1980,12.988809242248522
1981,-8.946668205261176
1982,20.04777305603028
1983,10.566103019714376
1984,23.87900169372557
1985,10.339875450134286
1986,8.369048004150386
1987,-18.65376853942871
1988,13.046700401306168
1989,21.57306793212888
1990,10.746141052246116
1991,13.903295364379915
1992,15.051129798889122
1993,23.737266731262196
1994,24.14845310211183
1995,8.030797653198249
1996,32.04458766937256
1997,26.75484176635746
1998,35.82295719146731
1999,3.5363817977905114
2000,17.3651564025879
2001,14.244540405273426
2002,44.91105529785153
2003,36.80964149475096
2004,22.405566864013622
2005,37.55373489379883
2006,9.457994155883739
2007,-29.463605422973615
2008,29.8819755554199
2009,38.89268478393558
2010,65.10059928894043
2011,38.08022041320794
2012,47.95079483032225
2013,6.779324951171816
2014,-19.170233840942387
2015,54.790854492187464
2016,32.60245269775385
2017,16.44069694519044
2018,21.146198883056627
2019,35.887063293457004
2020,-3.537226257324164
2021,11.36170989990228
2022,24.528600387573306
2023,11.541769027709961
2024,14.754164733886682
2025,18.89195770263666
2026,-10.58190361022946
2027,-10.863773803710956
2028,45.295790710449296
2029,68.68009963989255
2030,23.27722213745119
2031,69.64737350463872
2032,41.44953628540043
2033,28.63292930603029
2034,47.873518905639685
2035,9.870763931274382
2036,29.200242156982426
2037,-6.541019515991138
2038,18.626474533081023
2039,-2.3018914794921557
2040,40.617511672973706
2041,77.27972274780268
2042,52.94920829772957
2043,17.844032821655333
2044,13.659045486450168
2045,30.431274337768514
2046,0.6634725952148983
2047,57.79058807373053
2048,42.19085189819327
2049,12.126467132568337
2050,65.06217620849611
2051,12.691265563964862
2052,21.180689773559607
2053,14.256749801635692
2054,41.88742599487307
2055,-15.120795974731436
2056,-6.9831140899657385
2057,45.6237470245361
2058,28.115905990600595
2059,10.566470794677684
2060,-3.1227645874023438
2061,9.779192047119182
2062,15.182830734252889
2063,16.05573127746584
2064,30.376322174072243
2065,18.53743499755865
2066,-0.38551406860347015
2067,51.09954711914065
2068,38.449983062744195
2069,25.118473205566488
2070,27.546103057861387
2071,17.55598800659186
2072,43.62272789001463
2073,24.853456039428806
2074,9.18827453613278
2075,25.965624999999932
2076,-11.090319824218795
2077,31.549661254882835
2078,4.68281501770025
2079,-19.22890594482419
2080,46.11009712219243
2081,57.087124557495144
2082,24.348829498291025
2083,45.98066665649412
2084,51.49681732177737
2085,18.609119873046893
2086,15.321270828247066
2087,38.12754020690909
2088,19.162844085693337
2089,38.78479949951179
2090,22.850580749511664
2091,13.695111465454147
2092,28.42315971374512
2093,29.428306884765675
2094,42.22795913696291
2095,19.807472534179738
2096,0.9967922973632994
2097,26.6106414031982
2098,40.027557373046875
2099,12.385976791381836
2100,4.20462059020997
2101,8.817475585937473
2102,44.135610122680646
2103,14.746122207641633
2104,-13.777976074218714
2105,20.03202545166016
2106,9.197774963378947
2107,25.000118560791066
2108,18.919812164306677
2109,57.931585388183635
2110,4.641677093505905
2111,16.941050415039058
2112,4.4462735748290925
2113,35.37127960205078
2114,7.42245780944836
2115,31.81754837036135
2116,16.24699996948243
2117,30.978841476440493
2118,39.22529655456549
2119,40.27093894958489
2120,18.866034545898515
2121,40.107712326049864
2122,20.302831039428725
2123,9.57925483703616
2124,34.392250976562536
2125,37.37648628234865
2126,38.06086486816412
2127,29.529410476684575
2128,24.846207809448174
2129,29.38399185180674
2130,11.472841796874945
2131,19.04367088317872
2132,17.072905044555682
2133,13.17144172668452
2134,41.98469810485835
2135,26.243940353393555
2136,33.123750000000086
2137,16.717275772094695
2138,15.728025283813508
2139,28.528781967163127
2140,32.66973411560059
2141,21.67657066345214
2142,45.12989006042483
2143,28.9215042877197
2144,15.301449661254878
2145,35.807481994628915
2146,39.84328178405758
2147,32.12000946044918
2148,18.410580062866188
2149,30.411176757812427
2150,10.142440795898438
2151,8.28102325439454
2152,40.40300476074219
2153,29.886485824585066
2154,7.620535049438445
2155,-11.972683258056577
2156,1.7887165832520395
2157,12.539703292846752
2158,18.327796096801762
2159,13.795524673461955
2160,55.0778530883789
2161,17.73942710876463
2162,30.253012466430732
2163,50.67790847778315
2164,20.085005569458076
2165,40.08026229858399
2166,18.713821334838826
2167,13.247228851318368
2168,33.86094192504879
2169,15.158696212768518
2170,28.404067611694245
2171,11.889250946044854
2172,19.4946672821045
2173,28.12958366394048
2174,14.98365127563477
2175,18.94149536132818
2176,-39.705390243530246
2177,36.14876731872562
2178,42.74047225952154
2179,33.95338684082037
2180,37.503213195800754
2181,40.95114463806158
2182,19.08580101013183
2183,12.819865875244204
2184,9.59579040527342
2185,18.70412376403806
2186,42.685708618164085
2187,16.293929138183557
2188,27.531602325439394
2189,16.07629661560054
2190,16.380863647460956
2191,27.3662126159669
2192,26.589931259155264
2193,38.63108604431159
2194,27.24880287170413
2195,32.0085240936279
2196,35.5629188537597
2197,29.18041213989261
2198,34.2835726165772
2199,42.404142074585025
2200,32.539753265380796
2201,24.645975341796884
2202,46.86030784606942
2203,27.951670761108403
2204,26.30998840332029
2205,30.63302902221676
2206,1.9018791961669876
2207,11.589566802978538
2208,26.835619277954038
2209,21.826737594604538
2210,22.70210784912115
2211,13.831124649047865
2212,2.4920778656005496
2213,-6.3388766479492915
2214,16.307497024536133
2215,-5.714990005493178
2216,10.980455780029274
2217,35.61732246398935
2218,21.22182708740229
2219,17.727517547607476
2220,14.54318504333503
2221,49.082672424316456
2222,-9.016341705322361
2223,-15.964133071899369
2224,14.960647735595671
2225,34.68698814392087
2226,29.20812477111815
2227,27.88062049865721
2228,23.573743133544895
2229,27.877628555297974
2230,40.17494621276853
2231,25.460324935913036
2232,11.745871429443355
2233,39.52811264038087
2234,15.38804595947272
2235,17.640030822753943
2236,-0.9651275634764716
2237,29.459243774414062
2238,33.14791358947764
2239,28.555248260498047
2240,33.08041770935063
2241,19.557193908691374
2242,46.962052383422815
2243,36.558182754516565
2244,21.198244934082027
2245,38.32534492492675
2246,15.686658172607395
2247,28.218430633544926
2248,6.7826383209228425
2249,27.536708908080982
2250,44.38647941589352
2251,26.610918807983467
2252,22.98478179931635
2253,6.291089248657158
2254,22.684754409790003
2255,40.005094223022525
2256,25.461582336425863
2257,30.157248840332045
2258,35.69979286193848
2259,30.36573707580567
2260,29.048865814208966
2261,44.94225204467773
2262,38.10773681640626
2263,27.140739517211955
2264,25.372014007568396
2265,19.890185317993087
2266,37.65297393798835
2267,23.966862030029347
2268,7.040391235351649
2269,34.63037353515631
2270,29.10639045715334
2271,7.253286972045885
2272,-2.4959729003905977
2273,40.22491287231446
2274,33.94547966003415
2275,22.222194137573183
2276,30.26439651489261
2277,47.936187286376935
2278,15.144974899292038
2279,10.5621117401123
2280,27.167615356445367
2281,33.46939880371099
2282,20.897317199707004
2283,20.41026962280273
2284,2.0073387908935274
2285,-29.738219223022497
2286,11.884902648925845
2287,68.08536117553706
2288,9.327516174316315
2289,31.310001754760833
2290,43.76009841918949
2291,17.497275390624964
2292,-0.4957462310791243
2293,19.17597129821786
2294,-3.1787905120850155
2295,-13.533148193359352
2296,10.846831283569372
2297,21.169863281249945
2298,-16.34448539733887
2299,32.056799468994086
2300,47.918957977294895
2301,40.113902511596734
2302,8.365622329711982
2303,31.05710220336914
2304,50.35985580444333
2305,9.55085456848144
2306,-10.096595993042001
2307,27.74874794006348
2308,13.664472732544027
2309,33.801192245483435
2310,41.09424285888679
2311,42.639029464721716
2312,25.154673538208044
2313,27.767639846801785
2314,23.668339385986314
2315,21.833015060424827
2316,59.28227394103999
2317,11.359176254272484
2318,9.476403503417941
2319,23.108263092041057
2320,8.74830482482912
2321,35.77097572326659
2322,-1.2798432159423783
2323,18.277375946044913
2324,5.523943252563413
2325,31.761230697631845
2326,35.34050315856928
2327,17.842253723144495
2328,39.835603179931695
2329,38.121628875732426
2330,23.5465308380127
2331,27.470846862792996
2332,38.842983779907286
2333,16.061483306884725
2334,15.04244506835937
2335,20.297886123657236
2336,28.103164215087872
2337,15.805924987792991
2338,20.004003982543964
2339,40.30663459777827
2340,19.551120376586937
2341,34.17964424133311
2342,23.1264031982422
2343,24.69568710327144
2344,18.436393432617137
2345,51.46609191894538
2346,22.332143707275463
2347,33.043950042724646
2348,17.589342956542964
2349,25.18336570739757
2350,48.04447914123534
2351,3.573835449218791
2352,5.413877029418927
2353,25.772697525024455
2354,34.376372985839794
2355,12.329561080932649
2356,29.405944900512736
2357,26.413558654785106
2358,26.98676109313965
2359,22.674748535156255
2360,27.11853660583506
2361,2.746302185058653
2362,9.16705963134757
2363,16.33959541320803
2364,30.32033790588389
2365,26.81533103942877
2366,11.026801223754887
2367,33.7249163818359
2368,30.927825927734375
2369,31.003031997680637
2370,21.70310699462891
2371,23.83948638916013
2372,26.302176132202135
2373,36.57744903564446
2374,51.96319717407232
2375,22.278374786376958
2376,66.13386817932133
2377,24.563338317871057
2378,34.245893325805696
2379,33.615904922485356
2380,24.604266662597638
2381,23.330030364990193
2382,25.92339309692386
2383,33.48512222290037
2384,37.58800079345701
2385,12.029332962036165
2386,28.29498092651363
2387,27.83030052185063
2388,44.06837364196781
2389,39.43975669860845
2390,20.05199882507327
2391,42.61532089233401
2392,20.15470207214355
2393,8.781106872558553
2394,33.59300842285154
2395,1.204034271240289
2396,51.199066467285206
2397,35.215336914062505
2398,23.835463333129837
2399,8.922216796874977
2400,18.815978240966842
2401,11.121128005981404
2402,31.443830871582122
2403,19.635906372070394
2404,43.428519363403325
2405,29.350110015869063
2406,11.619519805908226
2407,20.16606842041017
2408,10.88429695129389
2409,48.74235786437987
2410,25.456418991088867
2411,42.96559356689454
2412,39.600922546386755
2413,42.21360443115236
2414,19.285914077758775
2415,32.032902832031255
2416,37.000921325683635
2417,21.503457794189444
2418,-5.074168548583998
2419,22.55300476074217
2420,13.313008880615257
2421,15.859653320312532
2422,39.2362383270264
2423,20.506701354980464
2424,40.52515228271477
2425,5.752313995361305
2426,10.536672210693382
2427,5.146818618774432
2428,31.11270324707027
2429,23.341277313232354
2430,56.659005355835006
2431,37.358891601562505
2432,8.625081253051803
2433,32.532308044433535
2434,40.32934417724607
2435,9.632062606811473
2436,13.196227493286074
2437,32.01980895996098
2438,32.992073898315425
2439,34.03944618225103
2440,24.611236343383894
2441,24.469756469726576
2442,38.54430068969725
2443,21.15121711730967
2444,37.779968795776426
2445,26.95777481079108
2446,20.389954299926785
2447,25.14125076293942
2448,26.645148849487327
2449,39.66943901062007
2450,39.349222412109384
2451,33.23166732788093
2452,46.05637481689462
2453,24.304682617187495
2454,15.330981292724687
2455,28.155774078369177
2456,3.4255953979492233
2457,5.204788818359361
2458,42.9794570922852
2459,46.895479278564494
2460,18.310414047241238
2461,12.136455688476644
2462,30.443217620849623
2463,19.74492042541499
2464,39.12691215515133
2465,6.2777787017822675
2466,35.874717254638654
2467,24.878140335083003
2468,30.756641311645467
2469,32.740648651123024
2470,7.013204574584961
2471,6.5384384155273665
2472,14.752489318847665
2473,22.545838165283158
2474,30.65556587219237
2475,22.068084259033185
2476,27.284962692260706
2477,23.529552154540966
2478,14.896109771728447
2479,9.09177856445308
2480,23.39250869750981
2481,44.01183578491214
2482,32.45330780029303
2483,16.275264663696362
2484,26.912347717285115
2485,37.52382591247567
2486,-3.4275587463378088
2487,20.350598449707036
2488,-6.798588333129942
2489,30.692833328247048
2490,25.529729156494113
2491,50.45654533386232
2492,22.394793777465793
2493,49.300812225341815
2494,38.2379044342041
2495,7.969104385375999
2496,38.549038619995144
2497,33.277183380126985
2498,18.191242675781268
2499,-4.62944175720213
2500,16.02619140624995
2501,-13.790977249145499
2502,25.923625640869204
2503,7.5752211761474655
2504,41.12194839477547
2505,40.4513188934327
2506,37.28445693969729
2507,23.047000427246076
2508,31.839221954345703
2509,47.684697952270426
2510,33.84360198974605
2511,45.615513076782236
2512,42.63470909118655
2513,40.34151748657234
2514,53.57678390502929
2515,32.63161743164062
2516,37.89161514282239
2517,37.975945434570235
2518,25.30963287353518
2519,31.465237884521457
2520,5.964421691894586
2521,4.090960998535138
2522,45.40493240356443
2523,26.111700134277385
2524,18.762994537353507
2525,10.927592926025454
2526,15.151510162353475
2527,57.283297805786106
2528,36.186067199707054
2529,27.7079914855957
2530,12.556829071044945
2531,40.77115356445313
2532,12.93892166137698
2533,12.434173889160206
2534,24.044201812744177
2535,1.479186782836905
2536,5.520352859497052
2537,10.64480972290039
2538,28.16074699401861
2539,24.603686218261714
2540,29.451236572265657
2541,34.193495025634775
2542,2.213437805175772
2543,22.900282135009775
2544,5.438207473754915
2545,30.884547653198183
2546,41.246064758300804
2547,17.118646850585947
2548,31.204911956787214
2549,0.8143811798095157
2550,29.024332427978607
2551,10.477484817504887
2552,31.18872131347655
2553,30.617405700683662
2554,61.3705981445313
2555,26.905103759765666
2556,12.54439598083502
2557,12.11654907226557
2558,27.301211929321312
2559,24.176013717651358
2560,14.793873901367192
2561,24.11253593444826
2562,14.731624908447202
2563,16.337416076660134
2564,30.496035461425777
2565,24.89046737670901
2566,6.188962402343805
2567,10.54439178466805
2568,12.034414978027257
2569,38.43410797119134
2570,33.216068267822266
2571,20.382052001953184
2572,43.25016105651855
2573,31.47893104553225
2574,31.003031463623074
2575,37.184516372680605
2576,38.35536483764656
2577,35.97823745727544
2578,39.947424240112355
2579,25.729802856445303
2580,39.34879821777338
2581,14.41540435791012
2582,9.22909057617187
2583,-10.671790695190339
2584,32.21002647399894
2585,33.76576042175293
2586,27.474024581909248
2587,21.70900886535651
2588,30.525598220825145
2589,22.728898849487337
2590,16.13951843261725
2591,49.89734924316406
2592,18.692567901611255
2593,20.69292640686035
2594,33.08796501159668
2595,8.034527969360397
2596,0.5875146484374909
2597,44.628619766235374
2598,5.282283554077139
2599,4.393420410156182
2600,32.74784584045415
2601,-13.999685363769572
2602,-19.58636161804202
2603,-5.143250350952144
2604,34.93287452697757
2605,21.417536468505887
2606,12.06042213439946
2607,27.166431732177784
2608,21.65452659606933
2609,24.96082656860358
2610,1.52307907104489
2611,-5.287151870727598
2612,22.81742843627933
2613,36.203751831054774
2614,12.264323425293014
2615,17.06269294738763
2616,6.757348098754846
2617,51.641170959472674
2618,31.95522331237794
2619,28.2989485931397
2620,29.01520538330078
2621,19.873298034667982
2622,-4.490708694457908
2623,31.79285598754882
2624,11.555466537475581
2625,13.97511566162109
2626,1.7330925750733286
2627,5.528394470214948
2628,-4.648966217040993
2629,27.05938926696774
2630,42.082058639526394
2631,1.462504730224623
2632,23.86267181396488
2633,19.753969650268573
2634,-28.712106094360365
2635,-2.5717077636718386
2636,-3.6850147247314453
2637,50.98990669250486
2638,18.048018417358435
2639,32.30610420227049
2640,16.385100860595685
2641,-0.20754058837894718
2642,0.008786087036128265
2643,9.42265045166016
2644,28.553125457763713
2645,43.16473312377923
2646,31.855684509277353
2647,30.022382278442365
2648,39.267328414917074
2649,18.686799774169913
2650,25.496621246337895
2651,26.780271759033212
2652,4.5068668365479425
2653,26.42680488586427
2654,-10.486187973022425
2655,10.59520065307629
2656,36.54941825866695
2657,32.80335067749024
2658,22.73745391845705
2659,27.911341857910088
2660,44.61681579589845
2661,42.683446273803725
2662,11.083081665039003
2663,11.118239440918046
2664,11.859286651611342
2665,39.28283439636232
2666,16.364688186645594
2667,8.866539001464844
2668,12.940255203247148
2669,-4.027461624145417
2670,15.45240173339846
2671,24.028942871093818
2672,4.707426071166992
2673,8.589519577026408
2674,12.72522933959965
2675,9.3426925659179
2676,-3.078135452270544
2677,19.105070953369136
2678,1.8072283172607513
2679,18.537896957397493
2680,43.75238449096673
2681,19.977407531738322
2682,13.93188972473149
2683,55.517246627807594
2684,34.38430946350104
2685,15.97240669250482
2686,10.637369003295817
2687,28.355517044067483
2688,7.650662231445381
2689,-1.1021055603026753
2690,11.976372833251958
2691,9.362741165161083
2692,8.782538070678697
2693,7.834435882568414
2694,19.777908706665016
2695,1.0789843750000045
2696,13.287418746948333
2697,47.73329849243157
2698,19.37948120117187
2699,22.304225692749014
2700,9.261711807251004
2701,17.151335220336932
2702,13.12732757568358
2703,8.532455215454092
2704,27.378949661254865
2705,17.428741760253956
2706,26.04939018249513
2707,11.297826538085928
2708,16.01618438720709
2709,41.3981080627442
2710,19.810001525878874
2711,28.170640411377008
2712,22.216911621093686
2713,32.61128395080573
2714,21.841225585937536
2715,32.59371177673347
2716,26.044355545043913
2717,21.63688690185552
2718,33.849336242675804
2719,25.289790954589876
2720,20.287952194213972
2721,21.729442214965843
2722,6.695617599487264
2723,38.60917442321772
2724,26.893217544555682
2725,28.902705383300827
2726,39.09878326416015
2727,22.979932632446207
2728,12.723863830566415
2729,40.012965316772465
2730,28.634414138793886
2731,14.969859542846734
2732,27.956100234985456
2733,25.5984490966797
2734,41.42787528991698
2735,20.715024414062555
2736,36.08684204101564
2737,24.228739166259743
2738,22.512088317871076
2739,14.11209411621087
2740,29.128582763671943
2741,-1.5043724822998001
2742,35.99697013854984
2743,38.65280853271486
2744,19.31279197692868
2745,31.911175537109443
2746,1.3980799865722702
2747,-0.5212200164794467
2748,19.03673286437993
2749,36.747294006347715
2750,49.17351524353023
2751,13.140092926025318
2752,42.67019767761235
2753,34.09333129882805
2754,7.675760650634743
2755,19.508914947509766
2756,14.144463272094754
2757,23.29470779418955
2758,21.033077392578093
2759,-1.289820632934493
2760,22.56587745666502
2761,9.339753952026399
2762,40.387199478149455
2763,10.839074707031273
2764,4.407810668945331
2765,38.538582229614235
2766,17.192779846191456
2767,36.15124298095702
2768,6.838573379516674
2769,16.031729507446357
2770,-3.2027863311767533
2771,15.460523681640666
2772,19.071716842651426
2773,26.48685981750498
2774,30.423320541381827
2775,11.15504447937019
2776,24.24095436096195
2777,25.46346351623538
2778,27.05766349792475
2779,11.805958023071298
2780,7.437461776733471
2781,15.078239212036124
2782,16.022079010009747
2783,15.938514251708966
2784,13.264304809570376
2785,18.041813812255896
2786,22.59120368957531
2787,26.45533256530757
2788,12.327492218017596
2789,12.613164825439526
2790,18.222248764038113
2791,12.920386352539026
2792,3.8012753295898847
2793,23.439922332763672
2794,10.060817031860438
2795,9.48145690917977
2796,20.39427452087409
2797,-2.3850847625732285
2798,16.9361408996582
2799,6.977161178588858
2800,19.962038726806668
2801,25.950910873413136
2802,0.17879333496091476
2803,30.87814910888676
2804,19.18746673583985
2805,30.281521987915085
2806,4.548685455322243
2807,14.969568176269604
2808,2.2064248657226244
2809,8.244205169677798
2810,24.687678680419936
2811,32.80666923522949
2812,30.64974143981931
2813,14.187544174194272
2814,25.624169769287164
2815,20.225317153930746
2816,19.588797378539994
2817,8.324821014404279
2818,20.00966621398925
2819,20.513474121093736
2820,16.8850228118896
2821,27.13821685791015
2822,23.888182373046902
2823,9.41502815246588
2824,9.05445854187019
2825,18.430243301391556
2826,22.311094589233335
2827,17.755694808960016
2828,44.19635200500488
2829,22.69831718444823
2830,39.0487399291992
2831,22.591397552490207
2832,14.785800399780214
2833,6.2200505065918605
2834,23.698385925292996
2835,21.953946762085025
2836,4.436553726196394
2837,22.907223510742256
2838,18.078235778808676
2839,23.4714208221435
2840,11.500278320312532
2841,23.83636940002441
2842,10.514160232543873
2843,-1.4907647705077807
2844,12.798648910522502
2845,11.314452896118155
2846,19.096389617919954
2847,32.328949127197234
2848,22.11203598022462
2849,28.031066131591842
2850,30.63346382141117
2851,11.611818084716901
2852,18.04860801696782
2853,28.770702133178816
2854,31.862681961059593
2855,19.77256637573248
2856,22.497234344482536
2857,13.749321365356536
2858,22.984562683105423
2859,21.43131546020504
2860,21.366009597778316
2861,24.65191062927238
2862,23.19138168334962
2863,17.47042373657223
2864,29.07063568115234
2865,9.407955780029283
2866,19.525414352416988
2867,14.406493530273451
2868,14.620040130615166
2869,12.725529708862268
2870,18.540440292358426
2871,18.849265518188417
2872,18.273822097778293
2873,16.695631332397397
2874,11.79396957397455
2875,23.978799896240275
2876,27.032253341674846
2877,22.24002006530759
2878,19.47252639770511
2879,26.109250030517615
2880,12.395575027465839
2881,69.46022895812996
2882,39.55813674926753
2883,20.768708877563427
2884,20.159368743896493
2885,6.281419219970644
2886,39.90447395324702
2887,12.053505401611346
2888,23.767928848266592
2889,10.838405075073297
2890,24.462726593017578
2891,34.583632354736324
2892,20.081091232299855
2893,22.714086074829197
2894,29.886995315551758
2895,30.03094512939458
2896,17.144744415283185
2897,4.60942138671885
2898,19.17029663085941
2899,8.632964248657231
2900,25.029579010009797
2901,17.833048706054797
2902,20.587292098999
2903,25.105879898071294
2904,28.515172042846643
2905,29.868410186767505
2906,11.499756851196253
2907,27.664500122070308
2908,15.704996337890634
2909,18.107845916748033
2910,29.550936355590807
2911,2.6489214324951718
2912,26.454886550903325
2913,26.009196014404324
2914,33.97088310241702
2915,13.56402923583994
2916,29.924120101928793
2917,31.104712829589857
2918,3.5769342803954487
2919,19.596783523559566
2920,20.22467025756839
2921,10.007495422363263
2922,31.034453277587886
2923,28.421520309448283
2924,9.336675720214885
2925,20.892983551025395
2926,29.301640625000005
2927,24.17293914794925
2928,25.734537277221648
2929,21.348794479370213
2930,40.76758666992191
2931,18.790602264404356
2932,42.34241271972655
2933,40.418749084472665
2934,15.58851882934573
2935,21.489469375610383
2936,36.294486007690466
2937,31.863883438110292
2938,22.237720718383798
2939,28.227290344238327
2940,37.33039924621585
2941,33.89605247497559
2942,29.9117153930664
2943,26.085195388793977
2944,23.1131314086914
2945,34.7668281555176
2946,28.607462921142655
2947,21.94319755554193
2948,11.997930755615243
2949,31.863723754882812
2950,24.93125984191886
2951,37.24242401123047
2952,32.288735961914085
2953,34.77916511535648
2954,33.38390342712398
2955,29.50540451049801
2956,57.074942092895526
2957,28.168773574829174
2958,27.518490524291906
2959,15.882006835937545
2960,17.611025695800777
2961,33.2312660980225
2962,43.306329421997134
2963,15.77165611267094
2964,48.40072547912598
2965,11.13946952819822
2966,7.3477873229981014
2967,46.59164894104015
2968,48.40309921264645
2969,18.27520622253428
2970,17.56479660034188
2971,20.956553192138585
2972,33.71313819885256
2973,39.54420669555668
2974,25.09766738891608
2975,28.62889953613285
2976,39.4712489318847
2977,30.22523712158204
2978,34.03329238891604
2979,36.03355255126951
2980,35.175814208984434
2981,30.75113143920896
2982,25.25355804443359
2983,11.42195434570317
2984,39.43854888916019
2985,14.857371673583998
2986,38.24321777343755
2987,20.424154663085915
2988,33.692260742187614
2989,36.869765167236324
2990,25.151076660156264
2991,35.18766677856445
2992,3.4096134948730423
2993,29.223628234863213
2994,11.074525451660179
2995,8.705468444824305
2996,35.569996032714926
2997,26.19834091186533
2998,36.69311424255375
2999,9.579905395507808
3000,34.78961151123053
3001,45.842024765014685
3002,39.84904701232904
3003,59.86734375000003
3004,34.5384782409667
3005,10.786064300536964
3006,16.3031610107422
3007,24.729705200195326
3008,19.779521331787123
3009,6.961769256591879
3010,12.050200805664076
3011,26.80115707397465
3012,17.411130828857495
3013,22.837008438110388
3014,32.93976844787596
3015,31.67480422973631
3016,26.087209701538086
3017,22.945519256591865
3018,32.909224243163976
3019,14.620485687255837
3020,22.776035003662173
3021,17.151843414306654
3022,46.538194427490225
3023,26.509186935424736
3024,31.25930900573735
3025,20.748421020507863
3026,51.334322814941515
3027,30.275761184692442
3028,8.888417205810583
3029,9.408302764892596
3030,51.69010284423837
3031,29.330668792724623
3032,38.39498001098639
3033,54.73972061157224
3034,40.50803939819343
3035,21.484377593994168
3036,36.966144866943296
3037,49.73448089599606
3038,10.297536621093741
3039,22.187794647216606
3040,30.362471466064562
3041,27.750356597900463
3042,38.73517150878888
3043,40.04124649047867
3044,34.863136596679624
3045,31.761999206542896
3046,53.755357513427725
3047,48.12289184570318
3048,29.817871246337745
3049,18.153761749267687
3050,40.101738281250164
3051,50.27229614257817
3052,44.31546844482409
3053,36.15167022705077
3054,23.519303894043105
3055,26.007292480468777
3056,36.913174743652235
3057,-6.104097595214853
3058,25.326329803466706
3059,41.13062179565418
3060,44.91599594116201
3061,12.789282379150336
3062,22.518934783935492
3063,14.341492767334103
3064,-2.6290939331054233
3065,26.837455596923746
3066,9.187607727050818
3067,-0.18881622314449942
3068,27.439178466796875
3069,36.49519454956055
3070,-23.24883148193362
3071,24.049419097900454
3072,-2.3994927215576354
3073,29.12191299438473
3074,35.91552619934089
3075,23.502140579223692
3076,38.55757247924805
3077,-6.28105400085451
3078,23.64695045471194
3079,7.309970169067469
3080,13.332546386718718
3081,23.265567626953157
3082,55.1577707672119
3083,63.54495399475093
3084,42.321282577514694
3085,27.66687553405768
3086,-12.532159652709879
3087,27.450053939819327
3088,40.69720825195316
3089,-0.413218612670903
3090,43.60770957946772
3091,13.866994705200227
3092,50.424497451782145
3093,26.067374038696357
3094,40.631024703979506
3095,12.519989013671875
3096,23.4954658508301
3097,37.03822029113769
3098,5.480926132202171
3099,35.86927375793459
3100,38.49699592590332
3101,22.171579055786196
3102,9.924173889160102
3103,15.156402435302653
3104,10.594161987304688
3105,17.78939994812015
3106,11.094407958984334
3107,48.41218856811531
3108,13.780853576660093
3109,23.70288848876953
3110,-4.561310577392533
3111,-1.4341184234618822
3112,27.378917846679656
3113,24.851165771484375
3114,31.509161529541075
3115,57.42194984436037
3116,21.982903823852553
3117,15.30106842041016
3118,0.9204844665528071
3119,4.775557861328139
3120,5.873176040649469
3121,22.310300979614226
3122,18.804953460693355
3123,33.53437240600579
3124,24.203072204589944
3125,-29.731431427001894
3126,4.29488288879395
3127,51.05154319763187
3128,38.572262115478566
3129,41.37477447509764
3130,6.574880599975586
3131,45.02278106689448
3132,45.1367142486572
3133,31.965539779663118
3134,39.31337097167966
3135,60.43002532958985
3136,33.60628730773931
3137,20.142234573364362
3138,21.889622268676817
3139,28.975444717407186
3140,21.995140533447284
3141,24.61318481445312
3142,60.607351913452135
3143,11.490211181640689
3144,9.234508438110424
3145,21.185589370727484
3146,19.891361999511673
3147,27.96848297119152
3148,10.633449325561514
3149,10.751945724487314
3150,32.48464179992675
3151,17.87912475585938
3152,38.661821365356445
3153,31.805629959106454
3154,19.71582572937018
3155,19.035862503051817
3156,35.82030212402344
3157,39.6777111053467
3158,34.94076011657717
3159,17.53924110412595
3160,28.364964141845803
3161,28.189856491088904
3162,18.316051940917987
3163,36.228354034423774
3164,34.2934337615967
3165,28.2899361419677
3166,8.63170051574707
3167,29.05124153137217
3168,17.44245048522953
3169,30.38599517822263
3170,44.27219017028813
3171,35.4404382324218
3172,26.20774765014653
3173,25.901981048584048
3174,24.58168289184573
3175,23.09774864196777
3176,17.88454475402841
3177,18.579655227661192
3178,10.477535400390593
3179,18.56388252258307
3180,22.232324371337995
3181,21.416393432617156
3182,31.19266174316408
3183,38.503158721923796
3184,52.25434608459477
3185,29.65332649230959
3186,16.907451019287123
3187,15.869204406738277
3188,37.40724815368662
3189,45.89758583068851
3190,19.51294303894042
3191,36.42245315551759
3192,40.192511749267624
3193,35.905026168823156
3194,44.368888092041175
3195,18.96220947265624
3196,24.314610290527412
3197,28.936282806396548
3198,34.00784423828122
3199,42.307548065185415
3200,17.470622253418014
3201,21.12314331054688
3202,14.42622589111329
3203,28.369321899414103
3204,14.43210266113283
3205,25.65608520507817
3206,43.71501495361326
3207,18.771389694213894
3208,40.07453826904293
3209,23.268219451904315
3210,29.201743316650436
3211,29.57861526489262
3212,29.360492401122997
3213,37.48420181274423
3214,33.39856170654298
3215,33.73410858154307
3216,28.152444763183553
3217,9.686567382812541
3218,23.27071105957043
3219,17.465029296874945
3220,22.982437896728584
3221,36.75972167968746
3222,27.153237152099678
3223,18.08103897094736
3224,36.03971588134766
3225,25.318547668456972
3226,49.139953613281364
3227,27.08974884033205
3228,23.035966796875073
3229,18.47955810546887
3230,31.228241882324255
3231,30.644656982421907
3232,17.720202026367247
3233,-1.4895971679687818
3234,-2.3830010986328034
3235,32.66121864318848
3236,27.757391204833993
3237,26.816216278076126
3238,14.004319610595644
3239,4.282014694213899
3240,21.43886016845704
3241,18.678298950195426
3242,31.826949844360342
3243,36.1086809539795
3244,18.331465988159152
3245,38.11697616577146
3246,36.99394226074219
3247,4.628815307617174
3248,29.66937454223637
3249,35.383494796752984
3250,36.29904853820801
3251,26.473837280273415
3252,15.25029739379886
3253,33.54732620239258
3254,21.947451019287087
3255,25.957051086425736
3256,30.708304061889635
3257,25.226954574584965
3258,29.269271545410106
3259,12.837487640380914
3260,32.794962463378965
3261,38.2320895385742
3262,50.58525428771975
3263,40.31138374328623
3264,30.785175476074187
3265,26.084534912109348
3266,14.203895263671939
3267,26.184581298828107
3268,9.934199752807558
3269,26.83748016357424
3270,32.25056358337406
3271,34.35086715698242
3272,14.204603042602571
3273,28.16541923522948
3274,39.62940696716316
3275,36.705461044311505
3276,33.19231880187988
3277,32.31906494140628
3278,46.64612594604489
3279,34.986538391113186
3280,39.44418258666997
3281,46.29769470214842
3282,21.915101318359348
3283,21.16912261962898
3284,26.889004058837827
3285,23.63341964721667
3286,49.669448242187514
3287,36.217271118164035
3288,24.089947204589862
3289,26.072188873290997
3290,8.278665161132722
3291,22.878992156982463
3292,36.90969131469717
3293,31.06027069091806
3294,26.902922821044967
3295,25.93430618286129
3296,24.68064300537094
3297,25.248534545898337
3298,23.218448486328157
3299,29.7535195922851
3300,29.140971221923905
3301,26.00799560546875
3302,29.267522277831972
3303,35.191046905517624
3304,18.0347605895995
3305,21.046182861328248
3306,15.238065490722647
3307,26.94585525512707
3308,50.168007049560515
3309,37.97834487915031
3310,43.237035369872956
3311,27.489079437255896
3312,37.621369781494195
3313,33.91795135498046
3314,53.4540664672852
3315,33.78540191650404
3316,32.45472640991193
3317,36.58096511840836
3318,44.723091430664226
3319,19.84210739135733
3320,14.921400146484302
3321,32.5837945556641
3322,20.379411163330133
3323,23.82793685913066
3324,44.08862045288083
3325,39.16970932006825
3326,25.988942108154106
3327,34.771677093506014
3328,48.6603889465332
3329,43.35734176635742
3330,38.05722427368164
3331,25.098190612793132
3332,38.06875717163098
3333,21.550459899902307
3334,21.731341705322166
3335,37.3486723327635
3336,19.337649230956913
3337,31.93207946777352
3338,32.77455886840812
3339,28.164300994872974
3340,46.878471221923974
3341,24.968474884033185
3342,24.56031356811536
3343,27.858195495605514
3344,42.84182846069348
3345,32.44162368774414
3346,58.50222763061515
3347,37.81029418945309
3348,39.82189910888678
3349,32.576669311523574
3350,21.808975219726562
3351,31.429870452881005
3352,37.98933441162103
3353,11.463933258056613
3354,40.07655593872073
3355,37.32614242553723
3356,29.963125152587963
3357,34.517052764892696
3358,29.76623718261726
3359,46.12474746704106
3360,53.72724761962877
3361,38.73850524902332
3362,37.61222503662111
3363,43.84384933471688
3364,47.23354064941418
3365,37.00553421020527
3366,59.34426803588872
3367,19.321687927246103
3368,0.21288375854510377
3369,40.63747253417978
3370,39.46882049560554
3371,19.40027694702144
3372,30.8997758483888
3373,17.48592437744128
3374,66.80560424804708
3375,67.05230102539053
3376,42.707876739502126
3377,32.819193572998074
3378,32.44368942260735
3379,33.23852783203142
3380,36.21837615966797
3381,38.91726486206062
3382,28.834408416748147
3383,40.59720840454111
3384,38.00159942626965
3385,37.134731140136864
3386,49.63626708984384
3387,30.68172561645497
3388,34.79935699462885
3389,43.80888427734385
3390,45.531431121826245
3391,41.76675399780265
3392,49.64856506347655
3393,24.327855529784983
3394,43.04794204711925
3395,42.10493240356459
3396,25.70470123291011
3397,35.42674041748069
3398,48.090538024902344
3399,10.938749542236337
3400,15.983375854492124
3401,47.02543395996099
3402,68.16980667114262
3403,47.65212860107431
3404,36.89535675048819
3405,26.531548156738154
3406,33.44161956787116
3407,22.342425384521448
3408,32.1869145202636
3409,24.1310842895507
3410,36.78546386718767
3411,21.5526947021483
3412,23.698087768554615
3413,53.587723236084
3414,29.284452972412282
3415,12.97017211914067
3416,28.244883575439644
3417,52.66963729858412
3418,10.338707733154251
3419,25.26388839721676
3420,34.6999896240236
3421,17.074474334716797
3422,8.035723266601735
3423,52.75275955200186
3424,59.83246551513662
3425,36.922713623047
3426,60.097426605224655
3427,45.369347991943414
3428,31.38058319091806
3429,26.06748260498034
3430,51.69965454101566
3431,48.82704177856431
3432,50.150182037353716
3433,102.22036590576181
3434,79.63879577636726
3435,28.012908020019495
3436,48.65973098754898
3437,34.35291015625012
3438,47.03347351074217
3439,45.47100692749018
3440,62.161037597656104
3441,40.539382629394595
3442,38.30310089111322
3443,39.53868148803713
3444,37.73023300170894
3445,29.908895721435556
3446,50.72450393676763
3447,50.42632690429696
3448,46.35800506591818
3449,71.27997970581055
3450,35.77753280639649
3451,46.77922302246088
3452,39.069086608886664
3453,60.29500213623055
3454,10.688476562500227
3455,60.63039169311537
3456,54.982749938964844
3457,56.25958572387708
3458,74.84808425903339
3459,47.109140014648574
3460,-12.952910308837772
3461,42.3210020446777
3462,28.374788360595858
3463,20.227962036132794
3464,53.85479675292959
3465,-0.20474075317360985
3466,28.868106079101608
3467,65.17637680053713
3468,53.47830627441408
3469,67.08808135986328
3470,35.85148498535159
3471,25.819516601562555
3472,39.88814147949233
3473,48.987090148925745
3474,48.51535385131842
3475,34.77054656982432
3476,59.6912005615236
3477,39.77351638793948
3478,72.84088180541994
3479,11.358605041504006
3480,-12.937628326415961
3481,55.756467742919995
3482,74.93328201293934
3483,39.5855386352539
3484,45.13024719238274
3485,36.789433898925836
3486,20.394629516601526
3487,80.77068832397458
3488,52.09341369628919
3489,14.550045623779397
3490,86.9754901123049
3491,59.192222595214844
3492,42.862738494873156
3493,57.753221130371
3494,47.65805404663092
3495,50.64760269165049
3496,65.09164001464842
3497,13.240041961669931
3498,17.88437927246082
3499,37.217512207031405
3500,39.14193405151377
3501,44.1145684814453
3502,46.87086425781263
3503,76.00743698120141
3504,20.870220947265807
3505,48.52049591064451
3506,60.827861938476644
3507,29.893883666992224
3508,58.88473098754889
3509,45.05316299438482
3510,51.37821746826171
3511,63.751060180664126
3512,49.68669555664064
3513,34.95334365844724
3514,39.02782043457023
3515,54.58043945312511
3516,65.16051162719737
3517,63.54734497070331
3518,55.89891006469725
3519,60.233696746826126
3520,47.91308654785166
3521,32.51133285522451
3522,57.116662597656386
3523,74.64749786376956
3524,1.9178689575194312
3525,14.000277862548955
3526,35.9683703613282
3527,56.650065612793014
3528,30.987568664550736
3529,34.7880430603027
3530,79.25710845947287
3531,45.852181243896666
3532,55.288425750732586
3533,43.779373779296975
3534,55.905037536621194
3535,54.899254913330196
3536,24.358516235351544
3537,9.20831665039077
3538,35.31554168701177
3539,100.1204414367678
3540,52.423622131347656
3541,73.12309188842755
3542,56.834781646728516
3543,68.2534077453613
3544,42.53736236572263
3545,68.76872634887695
3546,74.14068527221684
3547,81.90935195922862
3548,63.84876129150393
3549,77.44756729125993
3550,13.194266815185529
3551,42.06091079711905
3552,67.31895217895521
3553,32.5249688720703
3554,1.7817666625976472
3555,57.88882919311527
3556,93.26677932739244
3557,49.261835174560474
3558,18.14727066040041
3559,48.64512863159189
3560,59.456988372802925
3561,27.22937194824226
3562,45.796199340820294
3563,55.05676620483405
3564,45.65634750366212
3565,32.24630310058592
3566,-9.886040344238154
3567,7.6825872802735375
3568,93.8475668334961
3569,78.27953720092773
3570,9.69708206176756
3571,55.97758270263671
3572,44.0716552734375
3573,56.256562652587945
3574,73.38741409301747
3575,63.88833923339848
3576,78.93657638549826
3577,38.16064483642572
3578,82.21448608398441
3579,31.251632690429688
3580,64.88528305053728
3581,46.68553756713868
3582,37.61172210693371
3583,52.31380722045901
3584,56.69907135009771
3585,7.27946487426766
3586,49.19117172241204
3587,47.28353576660152
3588,56.28539489746095
3589,42.51392684936536
3590,20.466242065429697
3591,18.83833786010723
3592,34.472888183593795
3593,59.24552215576182
3594,41.98362030029307
3595,25.96594146728512
3596,70.57774978637713
3597,37.22238800048831
3598,63.621631317138736
3599,84.92909942626943
3600,80.46343231201172
3601,55.811601562499845
3602,62.43363571166992
3603,28.010374908447375
3604,-28.76750686645505
3605,70.8355059814453
3606,70.66068481445313
3607,40.106015167236365
3608,42.09635986328135
3609,-6.157882537841942
3610,17.878589630126953
3611,-36.64083572387676
3612,73.7259852600098
3613,85.51568969726577
3614,92.85497131347665
3615,37.68220474243162
3616,57.38824508666994
3617,65.01262695312494
3618,52.93173721313474
3619,30.29297851562501
3620,33.56242553710945
3621,56.86795104980456
3622,50.82984817504871
3623,31.158578491211074
3624,-20.249837188720676
3625,41.28098281860366
3626,55.35550674438491
3627,57.87822677612303
3628,44.308914642334
3629,28.226249847411964
3630,43.84869689941411
3631,60.38645812988307
3632,48.551971435546875
3633,38.77201690673837
3634,57.9640435791016
3635,13.762766418457204
3636,-25.384491424560338
3637,54.675352020263745
3638,77.77766815185555
3639,23.65350875854506
3640,17.999574890136728
3641,23.51539215087905
3642,4.64407150268562
3643,-19.64250762939446
3644,-104.10259399414053
3645,65.66352645874031
3646,19.098407592773356
3647,116.43590225219714
3648,56.32138488769533
3649,17.435608520507913
3650,-9.305007934570085
3651,20.558002471923828
3652,54.926003723144504
3653,0.00225494384767444
3654,28.95941299438482
3655,61.476069030761664
3656,99.31656311035158
3657,28.049051513671884
3658,41.41874542236337
3659,32.36190704345722
3660,33.67245178222652
3661,58.97364486694346
3662,53.883328552245985
3663,43.62773681640624
3664,34.725676116943305
3665,5.144624176025445
3666,23.008694915771684
3667,20.939709472656205
3668,51.87109207153321
3669,23.83418930053699
3670,56.42237365722667
3671,50.926124572753906
3672,17.9801319885255
3673,45.68977798461924
3674,99.63764129638662
3675,42.92755065917959
3676,82.97849853515618
3677,20.82514633178721
3678,58.35430923461922
3679,45.10008255004891
3680,38.201004638671975
3681,35.957712707519704
3682,52.29161224365225
3683,55.34846282959006
3684,55.071000671386855
3685,40.00215530395508
3686,37.60972351074224
3687,41.25430053710943
3688,72.09536499023443
3689,37.63379394531262
3690,11.642148437500055
3691,30.145404510497883
3692,37.016815643310565
3693,31.189398498535184
3694,17.319104156494177
3695,52.56472305297848
3696,77.10891555786134
3697,34.311165466308694
3698,63.82342834472661
3699,25.516757049560738
3700,17.94713516235356
3701,39.629452667236365
3702,47.32051513671877
3703,32.487033233642705
3704,24.004524536132976
3705,63.207398529052625
3706,25.599024353027517
3707,62.32629852294917
3708,47.437404479980614
3709,24.545441741943478
3710,50.40938644409175
3711,51.313414459228625
3712,30.830231323242288
3713,28.949449768066415
3714,30.045895538330115
3715,57.50020980834961
3716,49.145270233154406
3717,24.368918914794904
3718,8.289674987792978
3719,46.7058999633789
3720,12.800147857666161
3721,9.330923004150463
3722,42.708477172851644
3723,15.690753936767805
3724,45.71336975097665
3725,65.42438735961923
3726,58.38970016479493
3727,81.84028518676769
3728,10.542787780761955
3729,50.5181884765625
3730,33.35191635131832
3731,59.361893157959
3732,30.012267761230532
3733,41.265189514160056
3734,33.9754818725587
3735,45.56364807128921
3736,35.7591258239745
3737,56.479449615478416
3738,39.83694580078122
3739,-28.375393218994304
3740,29.15161178588869
3741,25.324790954589844
3742,-21.312610015869268
3743,42.981404571533176
3744,-2.330853118896357
3745,29.211490173339826
3746,46.57721221923839
3747,15.878320617675854
3748,-9.426825866699119
3749,22.78189376831051
3750,64.24843307495121
3751,-14.434735260009802
3752,28.59720855712885
3753,84.47233642578112
3754,51.81270797729485
3755,22.76435485839852
3756,36.39313201904292
3757,25.363804168701336
3758,108.88536605834952
3759,37.890403442382876
3760,20.841811676025372
3761,-16.17947143554693
3762,38.63897460937483
3763,46.810487823486255
3764,7.731203155517505
3765,11.005877075195485
3766,12.896799468994004
3767,-46.001143951416
3768,44.45370117187508
3769,73.9815142822265
3770,28.003848114013635
3771,33.89143844604496
3772,32.25086364746085
3773,16.747525939941397
3774,38.26550552368167
3775,13.075476379394559
3776,6.041303710937427
3777,41.42661483764641
3778,60.781811981201145
3779,22.877818603515607
3780,69.25637481689455
3781,74.76224609375004
3782,52.247535247802944
3783,55.22905426025386
3784,36.06725875854477
3785,19.053295593261737
3786,26.921214904785074
3787,52.106071319580224
3788,47.36364929199226
3789,43.71269012451171
3790,-5.241789855956995
3791,45.150895690918105
3792,18.750529479980514
3793,58.172286376953025
3794,79.81362503051741
3795,39.06479919433582
3796,42.120546112060765
3797,24.563610076904297
3798,34.98077835083018
3799,32.21851562500001
3800,29.950976409912073
3801,49.659935913085974
3802,38.1642715454102
3803,26.9886576843262
3804,16.85966415405278
3805,11.358734741211038
3806,25.477521362304742
3807,-2.69756988525387
3808,42.42960189819337
3809,41.29725631713859
3810,51.0393461608885
3811,73.65115325927718
3812,34.47192733764655
3813,29.4253326416017
3814,37.5044342041017
3815,47.985886383056595
3816,30.50047744750964
3817,44.089193115234366
3818,49.02491088867191
3819,10.282893981933512
3820,48.98748031616219
3821,35.08889831542956
3822,-22.39889862060545
3823,10.98024108886716
3824,35.728343811035074
3825,22.498300628662037
3826,42.493333129882785
3827,47.02906921386716
3828,15.434882659912091
3829,66.15919128417977
3830,47.65313323974601
3831,21.82211196899425
3832,38.20684738159184
3833,14.708494415283212
3834,44.72720809936527
3835,55.20184967041018
3836,30.45967498779305
3837,9.157864685058712
3838,40.7934051513671
3839,22.746925201415934
3840,37.06064666748057
3841,63.489747161865125
3842,42.73970230102532
3843,65.02587707519524
3844,48.19862228393549
3845,44.586910705566424
3846,16.681600799560556
3847,34.01723190307621
3848,21.28478073120118
3849,43.43545883178717
3850,49.21025451660171
3851,30.103135681152253
3852,21.80794342041031
3853,25.424351043701108
3854,-3.5890956115722474
3855,25.25555999755875
3856,39.712782592773465
3857,-3.0483781433106287
3858,55.22691390991213
3859,42.173277740478625
3860,41.51368667602537
3861,46.36680038452164
3862,51.53558837890637
3863,-41.72947128295891
3864,25.131828613281186
3865,56.30675872802726
3866,52.84501174926754
3867,51.19983123779298
3868,39.09670104980478
3869,43.84695083618158
3870,15.690507965087818
3871,17.69104858398441
3872,45.427844696044986
3873,29.203073272705296
3874,90.56112823486319
3875,81.01265167236329
3876,30.08875488281251
3877,56.95243392944349
3878,61.210503387451126
3879,30.58881698608411
3880,34.81880340576163
3881,39.49119812011713
3882,33.931462707519586
3883,48.16544448852528
3884,45.67879043579114
3885,25.802584838867233
3886,59.76987319946306
3887,31.500686645507812
3888,-7.998826293945285
3889,50.136396026611465
3890,3.2810644531250546
3891,19.611342010497992
3892,37.79668472290041
3893,69.72316345214836
3894,65.00015609741217
3895,23.322438812255996
3896,26.213535614013608
3897,56.52178741455077
3898,53.65252502441399
3899,54.11349807739248
3900,24.73902023315418
3901,21.941518096924028
3902,38.42506713867192
3903,22.3462457275391
3904,34.73941070556634
3905,36.29379211425771
3906,41.97989212036123
3907,31.598552398681704
3908,45.48021469116202
3909,59.408775482177816
3910,63.59623855590826
3911,49.77079650878909
3912,38.168863983154324
3913,67.95584777832028
3914,36.32095123291015
3915,42.84568527221677
3916,23.417535552978507
3917,44.13821441650384
3918,39.93753372192373
3919,-14.98958923339842
3920,34.09722030639659
3921,42.406941223144486
3922,46.17289489746099
3923,31.432997131347747
3924,39.228689727783376
3925,36.5878791809082
3926,30.785398712158212
3927,61.46627487182627
3928,44.57251510620108
3929,12.259485321045076
3930,42.998722076416016
3931,48.50807754516609
3932,27.802485656738327
3933,33.463291015625146
3934,68.05708755493174
3935,65.45541839599628
3936,47.332074737548965
3937,45.193641662597656
3938,18.714892883300763
3939,38.2420642089844
3940,39.45615203857437
3941,38.29471740722647
3942,-4.18355056762698
3943,59.455147857666134
3944,21.77032836914077
3945,74.98129913330081
3946,28.77900543212877
3947,55.045666961669895
3948,30.769270019531177
3949,57.936256866455096
3950,41.13581039428709
3951,29.731948394775372
3952,52.92410537719729
3953,51.25342468261738
3954,34.13963653564451
3955,43.35010391235346
3956,-0.5784043884275434
3957,29.917806243896393
3958,23.725696258544986
3959,66.43110839843735
3960,53.729590301513554
3961,-6.30319244384782
3962,66.49503372192385
3963,-1.3988256835937136
3964,59.83267242431657
3965,11.416812133789108
3966,58.70443435668949
3967,33.78264450073243
3968,45.449439392089744
3969,26.570628814697102
3970,72.46825683593738
3971,53.01929061889655
3972,43.088601531982476
3973,59.329234619140834
3974,29.49089813232422
3975,55.695885162353534
3976,66.84251892089833
3977,43.935912475586065
3978,7.938222503662018
3979,29.021773681640525
3980,49.00787368774422
3981,40.76828643798831
3982,76.55253097534182
3983,40.45855895996101
3984,24.584653472900527
3985,34.904031219482476
3986,23.74321670532231
3987,69.64441253662108
3988,43.37348800659174
3989,-0.7524188232421238
3990,31.135118865966888
3991,39.74650711059576
3992,13.050133209228534
3993,38.23880203247063
3994,32.93226440429703
3995,48.54897079467764
3996,55.3822846984865
3997,39.207174987792996
3998,58.18744384765614
3999,30.915146789550818
4000,53.000943298339735
4001,33.00693939208986
4002,36.871870574951345
4003,50.20067291259761
4004,34.335913543701054
4005,33.43237121582024
4006,68.69190872192371
4007,9.851374511718632
4008,62.71706329345716
4009,28.664217681884793
4010,26.802934570312573
4011,49.04194885253901
4012,62.00668762207033
4013,23.573437194824237
4014,27.196207275390634
4015,54.50285400390635
4016,73.39609161376961
4017,64.5977951049806
4018,56.70137023925781
4019,30.851677246093686
4020,19.68595855712897
4021,85.05635757446294
4022,27.129224090576145
4023,40.78663757324239
4024,63.651190948486374
4025,39.452340850830296
4026,48.40368347167964
4027,68.81791046142575
4028,54.514310913085865
4029,55.94184280395507
4030,51.022009887695276
4031,51.262508850097674
4032,28.957360382080196
4033,41.70286727905295
4034,49.46691665649428
4035,57.469892120361465
4036,38.82885772705072
4037,34.58658309936527
4038,34.677767639160265
4039,33.216608581542914
4040,43.58326324462905
4041,80.80239944458026
4042,49.58595306396478
4043,24.298030548095767
4044,33.99445083618184
4045,52.22636215209968
4046,56.502437591552734
4047,38.39628021240242
4048,48.298404235839826
4049,47.09543243408211
4050,86.70448089599631
4051,55.819425201415925
4052,55.36748367309565
4053,42.101887969970676
4054,55.478460693359466
4055,37.266038665771475
4056,9.155980224609266
4057,55.5507359313965
4058,47.59716613769524
4059,37.00357482910158
4060,59.311563720703134
4061,65.03578765869133
4062,43.4094181823732
4063,43.68643936157241
4064,54.17578796386715
4065,38.900455932617206
4066,50.45753341674799
4067,39.94485946655277
4068,47.25787612915042
4069,39.756778717041016
4070,28.275674133300754
4071,38.531144104003715
4072,50.619829559326035
4073,42.18725433349596
4074,32.0365399169923
4075,37.60349151611331
4076,48.98163803100579
4077,64.34439743042003
4078,41.46469635009771
4079,78.30209030151377
4080,89.68879455566412
4081,80.33567077636712
4082,29.16876617431626
4083,42.57814376831061
4084,49.554275970459
4085,76.54701110839846
4086,51.568623809814426
4087,52.245320587158176
4088,21.580009307861246
4089,44.73562026977538
4090,56.601992645263635
4091,71.51164535522457
4092,50.51175460815443
4093,30.49202224731448
4094,75.90673858642572
4095,46.713012084961065
4096,11.596452178955133
4097,6.101809997558803
4098,42.82626144409187
4099,32.772928009033194
4100,34.72602035522459
4101,63.645850219726526
4102,74.64231185913104
4103,55.51792327880867
4104,63.495415802001844
4105,41.40282211303702
4106,49.49857727050767
4107,59.18417327880866
4108,52.21160751342791
4109,53.06048461914065
4110,22.03315322875983
4111,57.335237426757885
4112,77.52417037963869
4113,62.14285690307611
4114,19.06893402099604
4115,63.508278808593786
4116,29.702006072998074
4117,63.75077163696301
4118,50.74809020996099
4119,72.00145355224595
4120,48.95063903808591
4121,48.04936309814457
4122,50.49678359985364
4123,35.62549087524417
4124,58.40699905395513
4125,52.20842071533207
4126,38.68090728759762
4127,65.99821380615231
4128,38.02021377563483
4129,68.56436630249027
4130,51.14654266357434
4131,56.7751203918458
4132,54.67985641479504
4133,48.71931213378912
4134,57.74519287109388
4135,59.84414199829098
4136,42.83823684692379
4137,82.26764053344732
4138,40.44976318359363
4139,57.630178070068496
4140,25.761823425293187
4141,64.75902282714856
4142,56.89957839965814
4143,39.958887481689544
4144,52.67307785034177
4145,60.04837341308598
4146,60.484834136962945
4147,82.53618789672873
4148,56.02716018676756
4149,51.06784637451187
4150,60.510429687499936
4151,69.7359684753419
4152,27.702391204834157
4153,77.89582580566412
4154,63.03686172485345
4155,51.076335144043014
4156,12.92356567382808
4157,-2.079348754882858
4158,25.77282989501964
4159,77.05281509399401
4160,68.07049758911126
4161,75.52574859619153
4162,44.694168243408285
4163,12.48805404663085
4164,44.49017120361327
4165,67.27292480468736
4166,65.6291618347168
4167,62.5194635009766
4168,63.1403401184084
4169,80.10340759277346
4170,14.12899307250973
4171,94.5437689208984
4172,59.90386245727541
4173,53.60356506347648
4174,32.201715545654224
4175,48.81772354125974
4176,60.43235702514653
4177,61.21096313476551
4178,47.47651443481459
4179,78.00665237426779
4180,78.5585917663575
4181,54.69126724243165
4182,50.09934783935546
4183,56.27831710815417
4184,94.20121765136719
4185,34.788004150390634
4186,58.22073760986336
4187,76.32318817138662
4188,15.750016784668105
4189,-1.7634106445311772
4190,57.6844866943361
4191,35.12081176757806
4192,60.34325714111333
4193,62.203217010498065
4194,58.51002166748049
4195,80.75425216674807
4196,67.87243255615226
4197,48.106338653564535
4198,63.53677886962896
4199,54.86011138916024
4200,46.93635589599603
4201,53.507389526367206
4202,69.95909332275392
4203,55.47063751220708
4204,53.90989288330093
4205,64.73183013916014
4206,62.7058309936524
4207,26.663298339843777
